StartDate,EndDate,Status,IPAddress,Progress,Duration (in seconds),Finished,RecordedDate,ResponseId,RecipientLastName,RecipientFirstName,RecipientEmail,ExternalReference,LocationLatitude,LocationLongitude,DistributionChannel,UserLanguage,Q1,Q1_4_TEXT,Q2,Q3,Q3_4_TEXT,Q4,QT1_First Click,QT1_Last Click,QT1_Page Submit,QT1_Click Count,QT1_First Click,QT1_Last Click,QT1_Page Submit,QT1_Click Count,Q7,Q8,Q9_1,Q10_1,Q11_1,QT2_First Click,QT2_Last Click,QT2_Page Submit,QT2_Click Count,Group,mTurkCode
Start Date,End Date,Response Type,IP Address,Progress,Duration (in seconds),Finished,Recorded Date,Response ID,Recipient Last Name,Recipient First Name,Recipient Email,External Data Reference,Location Latitude,Location Longitude,Distribution Channel,User Language,"Sex:

Please specify what gender you identify with. - Selected Choice","Sex:

Please specify what gender you identify with. - Other - Text","Location:

Please provide country and state of residence.","Political Identification:

Please tell us which American political party you identify with. - Selected Choice","Political Identification:

Please tell us which American political party you identify with. - Other - Text","Age Brackets:

Please let us know which bracket you are in.",Timing - First Click,Timing - Last Click,Timing - Page Submit,Timing - Click Count,Timing - First Click,Timing - Last Click,Timing - Page Submit,Timing - Click Count,What did you think was the point of the article?,Was the article factual?,How would you grade the articles effectiveness with arguing for Anti-TB initiatives?,How likely are you to support Anti-TB initiatives given the chance after reading the article?,How likely are you to recommend or share this article with others?,Timing - First Click,Timing - Last Click,Timing - Page Submit,Timing - Click Count,Group,mTurkCode
"{""ImportId"":""startDate"",""timeZone"":""America/Denver""}","{""ImportId"":""endDate"",""timeZone"":""America/Denver""}","{""ImportId"":""status""}","{""ImportId"":""ipAddress""}","{""ImportId"":""progress""}","{""ImportId"":""duration""}","{""ImportId"":""finished""}","{""ImportId"":""recordedDate"",""timeZone"":""America/Denver""}","{""ImportId"":""_recordId""}","{""ImportId"":""recipientLastName""}","{""ImportId"":""recipientFirstName""}","{""ImportId"":""recipientEmail""}","{""ImportId"":""externalDataReference""}","{""ImportId"":""locationLatitude""}","{""ImportId"":""locationLongitude""}","{""ImportId"":""distributionChannel""}","{""ImportId"":""userLanguage""}","{""ImportId"":""QID2""}","{""ImportId"":""QID2_4_TEXT""}","{""ImportId"":""QID4_TEXT""}","{""ImportId"":""QID5""}","{""ImportId"":""QID5_4_TEXT""}","{""ImportId"":""QID6""}","{""ImportId"":""QID21_FIRST_CLICK""}","{""ImportId"":""QID21_LAST_CLICK""}","{""ImportId"":""QID21_PAGE_SUBMIT""}","{""ImportId"":""QID21_CLICK_COUNT""}","{""ImportId"":""QID20_FIRST_CLICK""}","{""ImportId"":""QID20_LAST_CLICK""}","{""ImportId"":""QID20_PAGE_SUBMIT""}","{""ImportId"":""QID20_CLICK_COUNT""}","{""ImportId"":""QID17""}","{""ImportId"":""QID16""}","{""ImportId"":""QID12_11""}","{""ImportId"":""QID13_1""}","{""ImportId"":""QID14_4""}","{""ImportId"":""QID19_FIRST_CLICK""}","{""ImportId"":""QID19_LAST_CLICK""}","{""ImportId"":""QID19_PAGE_SUBMIT""}","{""ImportId"":""QID19_CLICK_COUNT""}","{""ImportId"":""Group""}","{""ImportId"":""mTurkCode""}"
2018-12-02 18:53:48,2018-12-02 18:54:20,IP Address,71.167.168.128,100,32,True,2018-12-02 18:54:20,R_1EYbdwIshQPJBZj,,,,,40.7035980224609375,-73.8961029052734375,anonymous,EN,Female,,"NY, USA",Democratic,,18-24,,,,,0,0,1.678,0,Tuberculosis could be wiped if we treated it with the same strategy in poor countries as we do in healthy countries.,Yes,3,2,2,2.497,7.325,8.117,6,Treatment,46120
2018-12-02 18:53:33,2018-12-02 18:54:43,IP Address,96.19.230.179,100,69,True,2018-12-02 18:54:43,R_2saPpbg3VqxrfpA,,,,,36.7299041748046875,-97.04540252685546875,anonymous,EN,Female,,usa ok,Republican,,49-59,,,,,2.506,9.667,10.903,3,Tuberculosis is no longer a health issue.,Yes,5,5,5,6.435,20.082,21.443,8,Treatment,51653
2018-12-02 18:53:54,2018-12-02 18:55:02,IP Address,24.23.115.160,100,68,True,2018-12-02 18:55:03,R_SC3cxu1soSOMktH,,,,,40.4405975341796875,-79.99590301513671875,anonymous,EN,Male,,Pennsylvania United States,Democratic,,36-48,0.981,27.006,28.137,10,,,,,Tuberculosis could be wiped if we treated it with the same strategy in poor countries as we do in healthy countries.,Maybe,4,4,4,2.631,12.358,12.845,19,Control,99409
2018-12-02 18:54:01,2018-12-02 18:55:05,IP Address,73.123.49.97,100,64,True,2018-12-02 18:55:05,R_1rBualUGc6qVBdP,,,,,42.52740478515625,-71.7563018798828125,anonymous,EN,Male,,United States Massachusetts,Democratic,,36-48,,,,,0,0,17.24,0,Tuberculosis could be wiped if we treated it with the same strategy in poor countries as we do in healthy countries.,Maybe,3,2,1,4.447,20.38,21.615,6,Treatment,84360
2018-12-02 18:53:31,2018-12-02 18:55:25,IP Address,68.9.60.23,100,114,True,2018-12-02 18:55:26,R_3nc6kGaS4kI97YU,,,,,41.7012939453125,-72.676300048828125,anonymous,EN,Male,,"USA, Connecticut",Independent,,26-35,,,,,0,0,2.656,0,Tuberculosis could be wiped if we treated it with the same strategy in poor countries as we do in healthy countries.,Yes,4,5,4,9.066,17.379,20.396,5,Treatment,60488
2018-12-02 18:55:21,2018-12-02 18:55:53,IP Address,96.236.117.160,100,31,True,2018-12-02 18:55:54,R_yju8X2KMZnaPsiJ,,,,,42.1764068603515625,-72.57610321044921875,anonymous,EN,Male,,Ma usa,Democratic,,26-35,0.447,0.447,1.698,1,,,,,Tuberculosis could be wiped if we treated it with the same strategy in poor countries as we do in healthy countries.,Yes,3,4,3,3.29,6.939,7.864,12,Control,63300
2018-12-02 18:53:55,2018-12-02 18:55:56,IP Address,65.34.112.177,100,121,True,2018-12-02 18:55:57,R_3JJDP2Xuz6sndsX,,,,,30.6143035888671875,-87.325103759765625,anonymous,EN,Female,,usa florida,Republican,,36-48,36.062,38.435,39.403,2,,,,,Tuberculosis could be wiped if we treated it with the same strategy in poor countries as we do in healthy countries.,Yes,5,3,5,8.344,35.836,44.35,8,Control,36397
2018-12-02 18:53:25,2018-12-02 18:56:17,IP Address,131.191.84.22,100,171,True,2018-12-02 18:56:17,R_1eFeXCSPflH6dJ5,,,,,47.2483978271484375,-122.46429443359375,anonymous,EN,Male,,"USA, WA",Republican,,49-59,,,,,4.848,26.135,27.946,3,Tuberculosis could be wiped if we treated it with the same strategy in poor countries as we do in healthy countries.,Yes,5,5,2,9.105,101.335,108.022,6,Treatment,46998
2018-12-02 18:54:02,2018-12-02 18:56:19,IP Address,97.94.173.218,100,136,True,2018-12-02 18:56:20,R_24dcSZbR9gyZv4S,,,,,33.8240966796875,-118.11029815673828125,anonymous,EN,Female,,usa ca,Independent,,36-48,6.462,43.02,44.31,3,,,,,Tuberculosis could be wiped if we treated it with the same strategy in poor countries as we do in healthy countries.,Yes,4,4,3,4.869,36.384,37.2,8,Control,73359
2018-12-02 18:53:58,2018-12-02 18:56:19,IP Address,120.29.117.238,100,141,True,2018-12-02 18:56:20,R_3MKyjcTvPjvFCz8,,,,,14.621002197265625,121.0458984375,anonymous,EN,Male,,"USA, California",Independent,,18-24,0,0,34.213,0,,,,,Tuberculosis could be wiped if we treated it with the same strategy in poor countries as we do in healthy countries.,Maybe,4,3,4,25.441,25.441,72.377,1,Control,75879
2018-12-02 18:53:57,2018-12-02 18:56:36,IP Address,172.58.232.175,100,158,True,2018-12-02 18:56:36,R_2zegFY5aOkcFMdz,,,,,40.73699951171875,-74.19640350341796875,anonymous,EN,Male,,usa new jersey,Independent,,36-48,,,,,0,0,75.603,0,Tuberculosis could be wiped if we treated it with the same strategy in poor countries as we do in healthy countries.,Maybe,5,3,5,12.505,21.883,22.733,5,Treatment,19835
2018-12-02 18:55:54,2018-12-02 18:56:47,IP Address,104.10.82.85,100,52,True,2018-12-02 18:56:47,R_ZafSNHWE83OpCV3,,,,,30.58349609375,-97.8574981689453125,anonymous,EN,Male,,"Texas, USA",Democratic,,18-24,,,,,15.556,15.985,16.756,2,Tuberculosis can be treated with diet of gummy bears and diet soda,Yes,4,3,4,0.787,4.897,5.229,13,Treatment,54655
2018-12-02 18:55:14,2018-12-02 18:56:54,IP Address,23.112.114.15,100,99,True,2018-12-02 18:56:54,R_1qerCvXIeavwsDc,,,,,28.5697021484375,-80.81909942626953125,anonymous,EN,Male,,"United States, Florida",Republican,,26-35,,,,,0,0,18.57,0,Tuberculosis could be wiped if we treated it with the same strategy in poor countries as we do in healthy countries.,Maybe,5,5,5,34.806,53.236,54.975,7,Treatment,15842
2018-12-02 18:53:31,2018-12-02 18:56:58,IP Address,73.119.239.216,100,207,True,2018-12-02 18:56:59,R_d6J6uer73QJ8JdT,,,,,43.007293701171875,-71.4481964111328125,anonymous,EN,Female,,"NH, USA",Democratic,,26-35,0,0,169.74,0,,,,,Tuberculosis could be wiped if we treated it with the same strategy in poor countries as we do in healthy countries.,Maybe,5,5,5,3.57,21.898,22.536,6,Control,11747
2018-12-02 18:55:19,2018-12-02 18:57:08,IP Address,172.101.75.133,100,109,True,2018-12-02 18:57:09,R_ZLgMVcNtRDMPMCB,,,,,42.925506591796875,-78.74810028076171875,anonymous,EN,Male,,Ny usa,Democratic,,36-48,5.082,68.985,69.754,18,,,,,Tuberculosis could be wiped if we treated it with the same strategy in poor countries as we do in healthy countries.,Maybe,4,5,5,3.203,14.034,14.539,16,Control,68292
2018-12-02 18:54:40,2018-12-02 18:57:30,IP Address,120.29.117.238,100,169,True,2018-12-02 18:57:30,R_2BkUmMC3gsLG6yy,,,,,14.621002197265625,121.0458984375,anonymous,EN,Male,,"United States, CA",Republican,,26-35,12.804,56.821,94.1,28,,,,,Tuberculosis could be wiped if we treated it with the same strategy in poor countries as we do in healthy countries.,Maybe,4,2,4,39.323,52.348,53.428,8,Control,48669
2018-12-02 18:55:26,2018-12-02 18:57:34,IP Address,107.2.152.39,100,128,True,2018-12-02 18:57:34,R_PFllsZX7bkiPCXT,,,,,39.7490997314453125,-104.994598388671875,anonymous,EN,Female,,USA- CO,Democratic,,26-35,61.443,61.443,62.476,1,,,,,Tuberculosis could be wiped if we treated it with the same strategy in poor countries as we do in healthy countries.,Maybe,4,3,2,3.583,30.716,31.665,12,Control,44837
2018-12-02 18:53:41,2018-12-02 18:57:37,IP Address,73.221.181.78,100,236,True,2018-12-02 18:57:37,R_QaiJEd8lu7bZzVv,,,,,47.6488037109375,-122.39640045166015625,anonymous,EN,Male,,Washington USA,Democratic,,59 or older,,,,,0,0,174.64,0,Tuberculosis could be wiped if we treated it with the same strategy in poor countries as we do in healthy countries.,Maybe,5,4,1,5.342,29.619,30.79,5,Treatment,71229
2018-12-02 18:56:38,2018-12-02 18:57:41,IP Address,173.19.29.178,100,62,True,2018-12-02 18:57:41,R_2ZDM5uWNAL0zRGa,,,,,41.466705322265625,-86.48310089111328125,anonymous,EN,Female,,"Indiana, USA",Republican,,26-35,5.038,15.526,17.847,5,,,,,Tuberculosis could be wiped if we treated it with the same strategy in poor countries as we do in healthy countries.,Yes,4,1,2,4.233,23.106,23.853,5,Control,14347
2018-12-02 18:55:48,2018-12-02 18:58:04,IP Address,99.101.203.105,100,136,True,2018-12-02 18:58:04,R_afPHJ61kXeaRatX,,,,,30.171600341796875,-95.49849700927734375,anonymous,EN,Female,,USA TX,Democratic,,36-48,63.909,63.909,64.761,1,,,,,Tuberculosis could be wiped if we treated it with the same strategy in poor countries as we do in healthy countries.,Yes,4,2,1,8.111,32.743,33.286,10,Control,87424
2018-12-02 18:54:17,2018-12-02 18:58:24,IP Address,24.193.236.235,100,247,True,2018-12-02 18:58:25,R_3MRMFRaqJS7GWe9,,,,,40.7028961181640625,-73.81109619140625,anonymous,EN,Male,,New York (USA),Independent,,26-35,0,0,185.481,0,,,,,Tuberculosis could be wiped if we treated it with the same strategy in poor countries as we do in healthy countries.,Yes,4,4,4,14.282,24.001,24.562,5,Control,61917
2018-12-02 18:53:51,2018-12-02 18:58:25,IP Address,198.254.87.130,100,274,True,2018-12-02 18:58:25,R_QglatVIorfGlnG1,,,,,35.2527008056640625,-85.16300201416015625,anonymous,EN,Male,,US Tennessee,Independent,,36-48,7.103,167.493,200.589,11,,,,,Tuberculosis could be wiped if we treated it with the same strategy in poor countries as we do in healthy countries.,Maybe,5,5,5,6.209,35.062,36.073,12,Control,16419
2018-12-02 18:54:56,2018-12-02 18:58:25,IP Address,67.86.183.146,100,209,True,2018-12-02 18:58:26,R_2YKvgilQQd6B3Tw,,,,,40.2095947265625,-74.07140350341796875,anonymous,EN,Male,,"NJ, United States",Independent,,26-35,0,0,142.878,0,,,,,Tuberculosis could be wiped if we treated it with the same strategy in poor countries as we do in healthy countries.,Yes,4,4,3,4.103,23.255,24.535,5,Control,48853
2018-12-02 18:56:45,2018-12-02 18:58:34,IP Address,173.90.152.231,100,108,True,2018-12-02 18:58:34,R_ukQtOSqn058D30J,,,,,41.1909942626953125,-80.97010040283203125,anonymous,EN,Female,,"Ohio, USA",Democratic,,26-35,1.188,45.905,51.195,11,,,,,Tuberculosis could be wiped if we treated it with the same strategy in poor countries as we do in healthy countries.,Maybe,3,3,3,1.153,21.706,23.93,27,Control,12840
2018-12-02 18:54:51,2018-12-02 18:58:36,IP Address,208.189.216.246,100,225,True,2018-12-02 18:58:36,R_3FIPHAbOlTiZqGI,,,,,30.0839996337890625,-81.864501953125,anonymous,EN,Male,,United States Florida,Republican,,36-48,,,,,0,0,162.941,0,Tuberculosis could be wiped if we treated it with the same strategy in poor countries as we do in healthy countries.,Yes,5,4,5,11.354,30.89,31.799,5,Treatment,88304
2018-12-02 18:56:25,2018-12-02 18:58:59,IP Address,73.254.231.187,100,153,True,2018-12-02 18:58:59,R_1mkp6r5buWV067c,,,,,47.7541961669921875,-122.24749755859375,anonymous,EN,Female,,United States Washington,Democratic,,36-48,3.574,84.771,85.597,17,,,,,Tuberculosis could be wiped if we treated it with the same strategy in poor countries as we do in healthy countries.,Yes,5,5,4,2.875,16.484,17.107,18,Control,94041
2018-12-02 18:54:04,2018-12-02 18:59:18,IP Address,65.30.215.35,100,313,True,2018-12-02 18:59:18,R_3EQpKKji1xJhMb2,,,,,42.9821929931640625,-88.09459686279296875,anonymous,EN,Female,,"United States, Wisconsin",Independent,,18-24,,,,,9.793,244.595,264.118,9,Tuberculosis could be wiped if we treated it with the same strategy in poor countries as we do in healthy countries.,Yes,4,5,4,2.926,16.331,16.939,11,Treatment,66082
2018-12-02 18:54:13,2018-12-02 18:59:18,IP Address,108.5.148.222,100,304,True,2018-12-02 18:59:18,R_yjXvOLylDzPt64F,,,,,40.7946014404296875,-74.1631011962890625,anonymous,EN,Male,,USA,Democratic,,59 or older,,,,,10.565,235.254,235.988,6,Tuberculosis could be wiped if we treated it with the same strategy in poor countries as we do in healthy countries.,Yes,5,5,5,17.872,40.639,42.233,6,Treatment,84176
2018-12-02 18:54:17,2018-12-02 18:59:32,IP Address,157.51.134.227,100,314,True,2018-12-02 18:59:32,R_3FXLk7gvoMJBDXF,,,,,13.0832977294921875,80.283294677734375,anonymous,EN,Male,,us,Democratic,,26-35,0,0,173.304,0,,,,,Tuberculosis could be wiped if we treated it with the same strategy in poor countries as we do in healthy countries.,Yes,4,2,4,64.841,83.406,84.814,7,Control,35059
2018-12-02 18:53:42,2018-12-02 18:59:34,IP Address,66.243.214.101,100,352,True,2018-12-02 18:59:35,R_1Yw7WTFYtIJQBwt,,,,,46.92059326171875,-122.5879974365234375,anonymous,EN,Female,,USA  Washington,Republican,,59 or older,0,0,262.951,0,,,,,Tuberculosis could be wiped if we treated it with the same strategy in poor countries as we do in healthy countries.,Maybe,5,5,4,7.802,50.166,52.485,5,Control,56946
2018-12-02 18:55:23,2018-12-02 18:59:40,IP Address,71.211.28.112,100,257,True,2018-12-02 18:59:40,R_2YRlK9Pfyh4C0Nm,,,,,39.66180419921875,-106.96710205078125,anonymous,EN,Female,,"United States, Colorado",Democratic,,59 or older,,,,,76.919,83.303,198.886,2,Tuberculosis could be wiped if we treated it with the same strategy in poor countries as we do in healthy countries.,Maybe,5,5,4,10.945,28.946,30.505,5,Treatment,71213
2018-12-02 18:57:29,2018-12-02 18:59:43,IP Address,138.219.175.56,100,134,True,2018-12-02 18:59:43,R_2YtdXQCfhiokzpb,,,,,15,-86.5,anonymous,EN,Male,,us,Republican,,26-35,0,0,77.245,0,,,,,Tuberculosis could be wiped if we treated it with the same strategy in poor countries as we do in healthy countries.,Yes,4,3,4,6.599,16.729,18.171,5,Control,20513
2018-12-02 18:57:59,2018-12-02 18:59:44,IP Address,63.233.193.200,100,104,True,2018-12-02 18:59:44,R_0DOqMdVREMoftTj,,,,,41.5384979248046875,-90.56130218505859375,anonymous,EN,Female,,United States,Independent,,26-35,0,0,72.2,0,,,,,Tuberculosis could be wiped if we treated it with the same strategy in poor countries as we do in healthy countries.,Yes,4,4,3,2.735,12.767,13.374,6,Control,85891
2018-12-02 18:53:57,2018-12-02 18:59:54,IP Address,104.13.213.16,100,357,True,2018-12-02 18:59:55,R_1rfzrLwVOWm9Cxr,,,,,38.9420928955078125,-122.7776947021484375,anonymous,EN,Male,,"California, United States",Democratic,,59 or older,,,,,0,0,257.151,0,Tuberculosis could be wiped if we treated it with the same strategy in poor countries as we do in healthy countries.,Yes,5,4,2,6.262,43.313,46.345,5,Treatment,50984
2018-12-02 18:56:39,2018-12-02 19:00:09,IP Address,120.29.117.238,100,210,True,2018-12-02 19:00:10,R_2TL6EuCI8zFPT9p,,,,,14.6183929443359375,121.03509521484375,anonymous,EN,Male,,"U.S.A., NYC",Democratic,,26-35,,,,,0,0,162.727,0,Tuberculosis could be wiped if we treated it with the same strategy in poor countries as we do in healthy countries.,Maybe,4,1,4,0.912,11.147,12.061,5,Treatment,69468
2018-12-02 18:56:36,2018-12-02 19:00:12,IP Address,120.29.117.238,100,215,True,2018-12-02 19:00:12,R_32XWaNcyUHnHNBE,,,,,14.621002197265625,121.0458984375,anonymous,EN,Male,,"USA, Washington State",Democratic,,26-35,59.454,174.976,175.226,2,,,,,Tuberculosis could be wiped if we treated it with the same strategy in poor countries as we do in healthy countries.,Maybe,4,3,3,3.137,16.191,17.032,6,Control,50908
2018-12-02 18:57:05,2018-12-02 19:00:12,IP Address,47.222.113.75,100,186,True,2018-12-02 19:00:13,R_uwt25liuU7Q0onf,,,,,32.7490997314453125,-96.45980072021484375,anonymous,EN,Female,,Texas United States,Independent,,18-24,0,0,140.339,0,,,,,Tuberculosis could be wiped if we treated it with the same strategy in poor countries as we do in healthy countries.,Yes,4,4,2,3.02,16.674,17.297,5,Control,93128
2018-12-02 18:55:14,2018-12-02 19:00:13,IP Address,49.207.184.148,100,299,True,2018-12-02 19:00:14,R_3nc3fbvJ16kXcgq,,,,,13.0832977294921875,80.283294677734375,anonymous,EN,Male,,"USA ",Republican,,18-24,,,,,0,0,2.999,0,Tuberculosis can be treated with diet of gummy bears and diet soda,Yes,4,3,4,2.731,27.492,27.997,11,Treatment,68230
2018-12-02 18:59:23,2018-12-02 19:00:16,IP Address,47.196.125.166,100,52,True,2018-12-02 19:00:16,R_33d990XJmVmvvjQ,,,,,27.9055938720703125,-82.2881011962890625,anonymous,EN,Male,,Floridq,Independent,,26-35,,,,,0.603,10.634,11.442,4,Tuberculosis could be wiped if we treated it with the same strategy in poor countries as we do in healthy countries.,Yes,5,4,4,0.307,17.684,18,24,Treatment,97018
2018-12-02 18:56:05,2018-12-02 19:00:19,IP Address,198.255.170.116,100,253,True,2018-12-02 19:00:19,R_PLsF3Qw5i1m4a8F,,,,,43.97430419921875,-75.912200927734375,anonymous,EN,Female,,"USA, New York",Independent,,18-24,,,,,10.412,171.187,172.852,10,Tuberculosis could be wiped if we treated it with the same strategy in poor countries as we do in healthy countries.,Yes,4,4,4,25.473,50.364,50.877,9,Treatment,91763
2018-12-02 18:55:26,2018-12-02 19:00:28,IP Address,66.128.161.89,100,302,True,2018-12-02 19:00:28,R_vCYd2Ny3wLN9VS1,,,,,43.7093963623046875,-98.0298004150390625,anonymous,EN,Female,,"United States, South Dakota",Democratic,,36-48,0,0,180.583,0,,,,,Tuberculosis could be wiped if we treated it with the same strategy in poor countries as we do in healthy countries.,Maybe,5,5,4,5.284,22.804,24.08,6,Control,88067
2018-12-02 18:55:54,2018-12-02 19:00:29,IP Address,108.88.175.151,100,275,True,2018-12-02 19:00:30,R_XFCjvWwJ98njONz,,,,,42.53399658203125,-83.52850341796875,anonymous,EN,Male,,"United States, Michigan",Independent,,49-59,4.626,216.228,216.888,11,,,,,Tuberculosis could be wiped if we treated it with the same strategy in poor countries as we do in healthy countries.,Yes,5,4,3,5.004,23.389,24.284,8,Control,47158
2018-12-02 18:56:32,2018-12-02 19:00:37,IP Address,70.161.95.15,100,244,True,2018-12-02 19:00:37,R_WAGzZGMhNHJAy3f,,,,,36.735198974609375,-76.2384033203125,anonymous,EN,Male,,"USA, Virginia",Republican,,59 or older,,,,,0,0,150.149,0,Tuberculosis could be wiped if we treated it with the same strategy in poor countries as we do in healthy countries.,Maybe,5,3,3,7.564,32.522,34.2,5,Treatment,78227
2018-12-02 18:58:43,2018-12-02 19:00:38,IP Address,49.207.184.148,100,115,True,2018-12-02 19:00:38,R_25LQ1dObC9vpVT1,,,,,13.0832977294921875,80.283294677734375,anonymous,EN,Male,,USA,Independent,,26-35,0,0,2.425,0,,,,,Tuberculosis can be treated with diet of gummy bears and diet soda,Yes,4,5,4,11.025,15.618,16.579,5,Control,53200
2018-12-02 18:56:58,2018-12-02 19:00:54,IP Address,73.15.180.81,100,235,True,2018-12-02 19:00:54,R_1QADBmBEJtdDW5i,,,,,37.993896484375,-121.80889892578125,anonymous,EN,Male,,"USA California ",Independent,,49-59,,,,,0,0,165.887,0,Tuberculosis could be wiped if we treated it with the same strategy in poor countries as we do in healthy countries.,Yes,5,5,5,4.568,20.896,21.572,5,Treatment,79129
2018-12-02 18:54:21,2018-12-02 19:00:55,IP Address,108.31.121.116,100,393,True,2018-12-02 19:00:55,R_2OSyiffBPXF3pWs,,,,,39.173004150390625,-77.1855010986328125,anonymous,EN,Male,,United States - Maryland,Independent,,18-24,,,,,0,0,329.312,0,Tuberculosis could be wiped if we treated it with the same strategy in poor countries as we do in healthy countries.,Maybe,5,5,1,5.169,31.075,32.287,5,Treatment,23633
2018-12-02 18:58:41,2018-12-02 19:00:55,IP Address,45.20.238.42,100,134,True,2018-12-02 19:00:56,R_eY8SJV07jiB92KJ,,,,,30.171600341796875,-95.49849700927734375,anonymous,EN,Female,,USA - Texas,Republican,,36-48,,,,,13.631,18.166,24.852,2,Tuberculosis could be wiped if we treated it with the same strategy in poor countries as we do in healthy countries.,Yes,4,5,5,10.36,78.055,78.769,7,Treatment,91047
2018-12-02 18:56:28,2018-12-02 19:00:55,IP Address,71.89.62.152,100,267,True,2018-12-02 19:00:56,R_DC9Q5eLCWNDia41,,,,,44.96539306640625,-89.70659637451171875,anonymous,EN,Male,,"Wisconsin, United States ",Democratic,,26-35,3.725,188.543,191.62,34,,,,,Tuberculosis could be wiped if we treated it with the same strategy in poor countries as we do in healthy countries.,Yes,4,5,4,1.559,29.952,30.605,27,Control,83667
2018-12-02 18:55:20,2018-12-02 19:00:56,IP Address,100.36.38.198,100,336,True,2018-12-02 19:00:57,R_3PnqIJve78GkV1z,,,,,38.931793212890625,-77.35269927978515625,anonymous,EN,Female,,"Fairfax County, VA",Democratic,,26-35,,,,,39.318,52.125,231.921,33,Tuberculosis could be wiped if we treated it with the same strategy in poor countries as we do in healthy countries.,Yes,5,5,4,2.09,14.049,14.542,5,Treatment,88540
2018-12-02 18:55:50,2018-12-02 19:01:00,IP Address,73.81.147.133,100,309,True,2018-12-02 19:01:01,R_263FmYzOXN4bmTL,,,,,40.036895751953125,-75.06639862060546875,anonymous,EN,Female,,"Philadelphia, PA",Democratic,,18-24,,,,,146.689,186.378,228.948,12,Tuberculosis could be wiped if we treated it with the same strategy in poor countries as we do in healthy countries.,Yes,4,5,4,3.461,47.478,48.221,27,Treatment,62771
2018-12-02 18:56:54,2018-12-02 19:01:09,IP Address,24.251.87.43,100,255,True,2018-12-02 19:01:09,R_1GUewFuqr5ITMOX,,,,,33.432098388671875,-112.34380340576171875,anonymous,EN,Female,,USA Phoenix,Democratic,,36-48,22.518,22.518,24.235,1,,,,,There is a single global strategy for tuberculosis treatment worldwide,Maybe,3,3,3,4.754,30.578,31.655,8,Control,92827
2018-12-02 18:58:24,2018-12-02 19:01:16,IP Address,216.107.42.245,100,172,True,2018-12-02 19:01:16,R_21H5nGxWB4epHHM,,,,,37.751007080078125,-97.82199859619140625,anonymous,EN,Male,,us,Republican,,26-35,,,,,0,0,2.731,0,Tuberculosis can be treated with diet of gummy bears and diet soda,Yes,4,4,5,6.736,14.584,15.61,7,Treatment,62859
2018-12-02 18:58:29,2018-12-02 19:01:17,IP Address,76.171.192.156,100,168,True,2018-12-02 19:01:17,R_1DoohMvxkfdYRz6,,,,,34.024505615234375,-118.156097412109375,anonymous,EN,Male,,Usa Ca.,Republican,,26-35,2.768,86.484,87.012,37,,,,,Tuberculosis could be wiped if we treated it with the same strategy in poor countries as we do in healthy countries.,No,3,1,4,1.909,36.781,37.338,32,Control,30327
2018-12-02 19:00:40,2018-12-02 19:01:24,IP Address,67.240.205.191,100,43,True,2018-12-02 19:01:24,R_AzCB1E4FuVzKpTb,,,,,43.212799072265625,-77.936798095703125,anonymous,EN,Male,,"US, NY",Democratic,,18-24,0,0,2.38,0,,,,,Tuberculosis could be wiped if we treated it with the same strategy in poor countries as we do in healthy countries.,Maybe,2,4,2,0.513,10.977,11.557,9,Control,77736
2018-12-02 19:00:02,2018-12-02 19:01:40,IP Address,97.124.101.53,100,97,True,2018-12-02 19:01:40,R_2TToN6toSUHfQeG,,,,,33.3092041015625,-111.9197998046875,anonymous,EN,Male,,"USA, Arizona",Democratic,,26-35,3.862,3.862,53.029,1,,,,,Tuberculosis could be wiped if we treated it with the same strategy in poor countries as we do in healthy countries.,Maybe,3,4,3,1.92,7.93,8.591,12,Control,79855
2018-12-02 18:59:04,2018-12-02 19:02:00,IP Address,100.0.27.41,100,175,True,2018-12-02 19:02:00,R_xuAmqL3TICOqws9,,,,,42.47509765625,-71.44830322265625,anonymous,EN,Female,,"MA, USA",Independent,,36-48,,,,,0,0,95.726,0,Tuberculosis could be wiped if we treated it with the same strategy in poor countries as we do in healthy countries.,Yes,3,3,2,17.815,58.964,59.932,7,Treatment,80554
2018-12-02 19:00:30,2018-12-02 19:02:02,IP Address,75.165.121.103,100,92,True,2018-12-02 19:02:03,R_27QBjlNairFOpND,,,,,39.907196044921875,-77.6360015869140625,anonymous,EN,Male,,"USA, PA",Republican,,49-59,0,0,17.158,0,,,,,Tuberculosis could be wiped if we treated it with the same strategy in poor countries as we do in healthy countries.,Yes,4,2,4,13.511,36.695,37.358,7,Control,26784
2018-12-02 18:54:40,2018-12-02 19:02:04,IP Address,108.46.151.50,100,443,True,2018-12-02 19:02:04,R_22X0Uq8OEKp1XcD,,,,,40.7261962890625,-73.9795989990234375,anonymous,EN,Male,,"USA, New York, NY",Democratic,,26-35,344.637,344.637,391.321,1,,,,,Tuberculosis could be wiped if we treated it with the same strategy in poor countries as we do in healthy countries.,Maybe,4,4,3,0.902,23.126,23.7,6,Control,61123
2018-12-02 18:58:31,2018-12-02 19:02:09,IP Address,192.171.18.169,100,218,True,2018-12-02 19:02:10,R_2wMqPBvOLfs47xF,,,,,25.7805938720703125,-80.1826019287109375,anonymous,EN,Male,,"FL, United States",Republican,,18-24,,,,,0,0,167.488,0,Tuberculosis could be wiped if we treated it with the same strategy in poor countries as we do in healthy countries.,Yes,5,4,2,7.372,29.957,30.745,6,Treatment,55760
2018-12-02 18:58:43,2018-12-02 19:02:10,IP Address,69.146.37.142,100,206,True,2018-12-02 19:02:10,R_3nJgReqbpWDgYjs,,,,,40.2541046142578125,-103.8031005859375,anonymous,EN,Male,,USA CO,Independent,,36-48,8.198,9.162,147.438,2,,,,,Tuberculosis could be wiped if we treated it with the same strategy in poor countries as we do in healthy countries.,Yes,4,4,3,8.579,32.68,34.085,10,Control,43744
2018-12-02 18:53:36,2018-12-02 19:02:15,IP Address,74.240.24.190,100,518,True,2018-12-02 19:02:15,R_0NDgbWwuLr8cH0R,,,,,31.5858001708984375,-90.45200347900390625,anonymous,EN,Female,,United States of America Mississippi,Republican,,59 or older,51.336,405.196,422.652,8,,,,,Tuberculosis could be wiped if we treated it with the same strategy in poor countries as we do in healthy countries.,Yes,5,5,5,15.324,30.285,31.085,16,Control,31755
2018-12-02 18:55:15,2018-12-02 19:02:18,IP Address,174.196.129.65,100,423,True,2018-12-02 19:02:19,R_3lsRZspOrmQ4ArT,,,,,35.799102783203125,-83.88520050048828125,anonymous,EN,Male,,Tennessee,Democratic,,36-48,0,0,338.437,0,,,,,Tuberculosis could be wiped if we treated it with the same strategy in poor countries as we do in healthy countries.,Yes,5,5,5,8.182,37.106,37.312,9,Control,95166
2018-12-02 18:55:39,2018-12-02 19:02:21,IP Address,99.195.30.70,100,402,True,2018-12-02 19:02:21,R_2t4D2rdsSvLeLuv,,,,,30.497802734375,-92.57360076904296875,anonymous,EN,Female,,united states arkansas,Republican,,26-35,20.062,242.639,268.137,2,,,,,Tuberculosis could be wiped if we treated it with the same strategy in poor countries as we do in healthy countries.,Yes,4,5,5,12.659,37.104,38.159,8,Control,60805
2018-12-02 18:58:48,2018-12-02 19:02:25,IP Address,67.39.144.62,100,216,True,2018-12-02 19:02:25,R_cNlkMbxSZVCmgud,,,,,32.821502685546875,-80.05680084228515625,anonymous,EN,Female,,"United States, South Carolina",Democratic,,Below 18,0.901,18.946,123.08,9,,,,,Tuberculosis could be wiped if we treated it with the same strategy in poor countries as we do in healthy countries.,Yes,4,3,4,6.273,16.916,17.344,18,Control,65061
2018-12-02 18:54:19,2018-12-02 19:02:32,IP Address,216.107.48.156,100,492,True,2018-12-02 19:02:32,R_2fcFoabkVq8uOhb,,,,,37.751007080078125,-97.82199859619140625,anonymous,EN,Male,,NEW YORK,Republican,,26-35,,,,,0,0,348.343,0,Tuberculosis could be wiped if we treated it with the same strategy in poor countries as we do in healthy countries.,Yes,5,5,5,34.084,62.516,63.299,5,Treatment,35320
2018-12-02 19:01:24,2018-12-02 19:02:35,IP Address,69.122.204.58,100,71,True,2018-12-02 19:02:36,R_3HMHdo4cH3zD4M5,,,,,41.132293701171875,-73.40579986572265625,anonymous,EN,Male,,"Connecticut, United States",Independent,,18-24,,,,,0,0,3.798,0,There is a single global strategy for tuberculosis treatment worldwide,Maybe,2,1,4,7.572,37.566,38.725,9,Treatment,54100
2018-12-02 18:58:33,2018-12-02 19:02:40,IP Address,73.142.254.163,100,247,True,2018-12-02 19:02:41,R_339ydaLEmiQO826,,,,,42.0590057373046875,-71.11229705810546875,anonymous,EN,Male,,massachusetts usa,Independent,,36-48,,,,,5.082,156.69,158.815,7,Tuberculosis could be wiped if we treated it with the same strategy in poor countries as we do in healthy countries.,Maybe,5,5,3,3.984,47.79,48.677,11,Treatment,58661
2018-12-02 18:57:10,2018-12-02 19:02:45,IP Address,75.164.47.88,100,334,True,2018-12-02 19:02:45,R_1d4wK6ElJHtumw8,,,,,45.5077972412109375,-122.689697265625,anonymous,EN,Female,,"Washington, USA",Democratic,,26-35,,,,,0,0,256.748,0,Tuberculosis could be wiped if we treated it with the same strategy in poor countries as we do in healthy countries.,Maybe,3,3,3,2.801,11.169,12.536,5,Treatment,17777
2018-12-02 18:57:15,2018-12-02 19:02:54,IP Address,68.82.65.105,100,338,True,2018-12-02 19:02:54,R_2V2Zi69Ook0VMtA,,,,,40.036895751953125,-75.06639862060546875,anonymous,EN,Female,,USA-PA,Democratic,,49-59,,,,,16.938,49.552,241.6,5,Tuberculosis could be wiped if we treated it with the same strategy in poor countries as we do in healthy countries.,Maybe,4,4,4,8.016,36.001,38.16,5,Treatment,30438
2018-12-02 18:57:39,2018-12-02 19:02:54,IP Address,207.255.249.68,100,315,True,2018-12-02 19:02:54,R_2fy3rz07yzNsaG2,,,,,40.9217987060546875,-77.05049896240234375,anonymous,EN,Female,,"Pennsylvania, United States",Democratic,,59 or older,195.99,202.038,204.113,2,,,,,Tuberculosis could be wiped if we treated it with the same strategy in poor countries as we do in healthy countries.,Yes,5,5,4,8.197,57.185,67.043,7,Control,65606
2018-12-02 19:01:53,2018-12-02 19:02:58,IP Address,75.118.229.160,100,65,True,2018-12-02 19:02:59,R_W1mJVrOoqXQy4Nz,,,,,42.3358001708984375,-83.3845977783203125,anonymous,EN,Male,,Usa Michigan,Republican,,26-35,,,,,1.467,17.072,18.421,14,Tuberculosis could be wiped if we treated it with the same strategy in poor countries as we do in healthy countries.,Maybe,4,5,1,3.931,16.801,17.493,16,Treatment,56949
2018-12-02 19:02:12,2018-12-02 19:02:59,IP Address,162.230.110.122,100,46,True,2018-12-02 19:02:59,R_sEXKvodRNGke6kx,,,,,28.528900146484375,-81.47869873046875,anonymous,EN,Male,,"Florida, USA",Independent,,Below 18,,,,,2.078,6.174,6.742,3,Tuberculosis could be wiped if we treated it with the same strategy in poor countries as we do in healthy countries.,Yes,4,5,3,8.308,24.38,25.203,7,Treatment,74725
2018-12-02 18:57:36,2018-12-02 19:03:11,IP Address,67.149.206.53,100,334,True,2018-12-02 19:03:11,R_PvAscShw55o2gp3,,,,,40.2931976318359375,-83.07230377197265625,anonymous,EN,Female,,USA Ohio,Democratic,,59 or older,19.899,232.953,234.879,4,,,,,Tuberculosis could be wiped if we treated it with the same strategy in poor countries as we do in healthy countries.,Yes,5,5,3,21.709,55.687,56.725,12,Control,69573
2018-12-02 18:56:45,2018-12-02 19:03:20,IP Address,24.112.151.140,100,395,True,2018-12-02 19:03:20,R_WpMK9OVa304KzOF,,,,,39.772003173828125,-76.5970001220703125,anonymous,EN,Female,,usa pennsylvania,Independent,,49-59,24.492,24.492,299.681,1,,,,,Tuberculosis could be wiped if we treated it with the same strategy in poor countries as we do in healthy countries.,Yes,4,4,4,9.182,41.671,43.106,6,Control,22034
2018-12-02 18:59:54,2018-12-02 19:03:20,IP Address,69.24.181.47,100,206,True,2018-12-02 19:03:21,R_1jdlnw94aA8xaoG,,,,,44.1537933349609375,-93.996002197265625,anonymous,EN,Female,,"MN, USA",Democratic,,26-35,,,,,0.587,131.182,173.7,2,Tuberculosis could be wiped if we treated it with the same strategy in poor countries as we do in healthy countries.,Yes,5,5,4,2.059,12.851,13.512,9,Treatment,94677
2018-12-02 19:00:08,2018-12-02 19:03:22,IP Address,71.87.200.199,100,193,True,2018-12-02 19:03:22,R_3iDLxMTo98UC2EV,,,,,35.5001983642578125,-85.01349639892578125,anonymous,EN,Female,,"USA, Tennessee",Independent,,26-35,,,,,0,0,142.349,0,Tuberculosis could be wiped if we treated it with the same strategy in poor countries as we do in healthy countries.,Maybe,5,5,4,7.222,25.844,26.8,6,Treatment,29809
2018-12-02 18:59:11,2018-12-02 19:03:44,IP Address,67.253.110.121,100,272,True,2018-12-02 19:03:44,R_3L0wLuTXR105xWe,,,,,43.1894989013671875,-77.80429840087890625,anonymous,EN,Male,,"New York, United States",Democratic,,18-24,,,,,0,0,194.986,0,Tuberculosis could be wiped if we treated it with the same strategy in poor countries as we do in healthy countries.,Yes,4,5,4,2.457,38.071,39.076,5,Treatment,20965
2018-12-02 19:00:25,2018-12-02 19:03:54,IP Address,73.206.120.71,100,208,True,2018-12-02 19:03:54,R_24BLGTsC1yjeQox,,,,,29.397003173828125,-94.9203033447265625,anonymous,EN,Female,,Texas,Democratic,,49-59,130.604,130.604,149.597,1,,,,,Tuberculosis could be wiped if we treated it with the same strategy in poor countries as we do in healthy countries.,Yes,5,5,5,7.555,28.113,29.272,7,Control,41113
2018-12-02 19:00:22,2018-12-02 19:04:12,IP Address,70.114.88.138,100,230,True,2018-12-02 19:04:13,R_C1Wulkh2BuZ82OJ,,,,,32.7678070068359375,-96.6082000732421875,anonymous,EN,Male,,United Statess,Republican,,18-24,,,,,7.903,18.688,26.142,2,Tuberculosis could be wiped if we treated it with the same strategy in poor countries as we do in healthy countries.,Yes,3,2,4,26.065,41.659,42.988,8,Treatment,49337
2018-12-02 18:58:22,2018-12-02 19:04:19,IP Address,120.29.100.50,100,356,True,2018-12-02 19:04:19,R_2U6ohoKg5bjlUqL,,,,,15.149993896484375,120.58331298828125,anonymous,EN,Male,,"USA, NEVADA",Republican,,49-59,150.235,282.916,291.342,3,,,,,Tuberculosis could be wiped if we treated it with the same strategy in poor countries as we do in healthy countries.,Yes,5,5,5,9.964,26.816,27.617,6,Control,54692
2018-12-02 19:01:11,2018-12-02 19:04:20,IP Address,108.48.111.228,100,188,True,2018-12-02 19:04:20,R_3MS7LJzo9B5jzN1,,,,,39.0471954345703125,-77.3865966796875,anonymous,EN,Male,,United States Virginia,Democratic,,18-24,,,,,0,0,140.288,0,Tuberculosis could be wiped if we treated it with the same strategy in poor countries as we do in healthy countries.,Maybe,4,4,3,11.632,19.236,19.763,5,Treatment,64462
2018-12-02 19:00:19,2018-12-02 19:04:23,IP Address,67.167.53.155,100,244,True,2018-12-02 19:04:23,R_3L0GmQqFraQliLe,,,,,41.9008026123046875,-88.75479888916015625,anonymous,EN,Female,,"USA, Illinois ",Democratic,,26-35,,,,,5.802,182.41,182.903,49,Tuberculosis could be wiped if we treated it with the same strategy in poor countries as we do in healthy countries.,Yes,4,4,2,10.201,22.901,23.748,14,Treatment,21717
2018-12-02 18:56:26,2018-12-02 19:04:28,IP Address,68.83.1.44,100,481,True,2018-12-02 19:04:28,R_3dMMrWuzkCo8Iy9,,,,,40.7180023193359375,-74.07540130615234375,anonymous,EN,Male,,"New Jersey, United States of America",Democratic,,26-35,,,,,0,0,425.705,0,Tuberculosis could be wiped if we treated it with the same strategy in poor countries as we do in healthy countries.,Yes,5,5,5,5.188,22.092,23.537,6,Treatment,38244
2018-12-02 19:01:29,2018-12-02 19:04:28,IP Address,172.56.6.170,100,179,True,2018-12-02 19:04:29,R_2VqDW2S8yLLaK0C,,,,,32.7787017822265625,-96.8217010498046875,anonymous,EN,Female,,United States,Democratic,,36-48,,,,,6.536,120.743,123.56,4,Tuberculosis could be wiped if we treated it with the same strategy in poor countries as we do in healthy countries.,Yes,5,5,5,4.497,25.644,26.431,9,Treatment,67943
2018-12-02 19:01:17,2018-12-02 19:04:29,IP Address,100.4.86.203,100,192,True,2018-12-02 19:04:30,R_23UG13lmTdvfDQV,,,,,36.829803466796875,-76.31459808349609375,anonymous,EN,Male,,"Usa, VA",Independent,,36-48,,,,,4.152,33.33,35.488,11,There is a single global strategy for tuberculosis treatment worldwide,Maybe,4,4,4,19.753,32.654,33.728,14,Treatment,76438
2018-12-02 18:59:46,2018-12-02 19:04:43,IP Address,108.212.142.253,100,296,True,2018-12-02 19:04:43,R_2tan0kcYgXPVje3,,,,,39.83489990234375,-82.8043975830078125,anonymous,EN,Male,,us ohio,Democratic,,49-59,,,,,0,0,209.037,0,Tuberculosis could be wiped if we treated it with the same strategy in poor countries as we do in healthy countries.,Maybe,4,5,4,2.892,15.285,17.278,5,Treatment,47537
2018-12-02 18:59:11,2018-12-02 19:04:49,IP Address,35.136.132.66,100,338,True,2018-12-02 19:04:49,R_1QKEtY8qgaPGjD2,,,,,27.8466033935546875,-82.79540252685546875,anonymous,EN,Female,,"United States, Florida",Democratic,,36-48,7.821,240.219,244.87,9,,,,,Tuberculosis could be wiped if we treated it with the same strategy in poor countries as we do in healthy countries.,Maybe,4,4,5,11.833,57.473,60.224,11,Control,78441
2018-12-02 19:03:37,2018-12-02 19:04:52,IP Address,74.221.7.144,100,74,True,2018-12-02 19:04:52,R_1jcw37dsoeMy3Pt,,,,,35.441192626953125,-89.77809906005859375,anonymous,EN,Male,,"TN, US",Democratic,,36-48,,,,,0,0,24.078,0,Tuberculosis could be wiped if we treated it with the same strategy in poor countries as we do in healthy countries.,Yes,4,4,4,5.74,27.449,30.013,5,Treatment,91580
2018-12-02 19:02:02,2018-12-02 19:05:04,IP Address,107.77.223.166,100,181,True,2018-12-02 19:05:04,R_2uE88dctrvaFwAt,,,,,40.776397705078125,-73.982696533203125,anonymous,EN,Male,,"USA PA ",Democratic,,36-48,0.302,98.995,99.909,33,,,,,Tuberculosis could be wiped if we treated it with the same strategy in poor countries as we do in healthy countries.,Yes,4,4,3,3.509,18.376,18.82,23,Control,33665
2018-12-02 18:58:36,2018-12-02 19:05:21,IP Address,162.207.225.80,100,404,True,2018-12-02 19:05:21,R_2wQTycwtVUhQ3qi,,,,,33.7698974609375,-84.2949981689453125,anonymous,EN,Female,,US Georgia,Democratic,,49-59,8.665,251.438,277.036,10,,,,,Tuberculosis could be wiped if we treated it with the same strategy in poor countries as we do in healthy countries.,Maybe,4,5,3,3.143,68.553,69.537,21,Control,76411
2018-12-02 19:04:15,2018-12-02 19:05:29,IP Address,76.171.192.156,100,73,True,2018-12-02 19:05:29,R_1lyHgklRBqplJp4,,,,,34.024505615234375,-118.156097412109375,anonymous,EN,Female,,"USA, California",Democratic,,26-35,,,,,0.916,12.233,12.702,17,Tuberculosis could be wiped if we treated it with the same strategy in poor countries as we do in healthy countries.,Maybe,3,4,3,5.287,26.553,27.392,20,Treatment,71379
2018-12-02 19:03:10,2018-12-02 19:05:38,IP Address,65.31.121.104,100,147,True,2018-12-02 19:05:38,R_1r043bYAFUHlgWv,,,,,41.231597900390625,-80.499298095703125,anonymous,EN,Male,,"pennsylvania, usa",Independent,,18-24,0,0,73.099,0,,,,,Tuberculosis could be wiped if we treated it with the same strategy in poor countries as we do in healthy countries.,Maybe,4,5,4,7.944,24.725,25.323,5,Control,96626
2018-12-02 18:56:18,2018-12-02 19:05:38,IP Address,67.174.144.138,100,560,True,2018-12-02 19:05:38,R_2zJjjAj5WqV3YRf,,,,,38.7158966064453125,-121.36479949951171875,anonymous,EN,Male,,United States California,Democratic,,26-35,,,,,30.029,30.029,485.206,1,Tuberculosis could be wiped if we treated it with the same strategy in poor countries as we do in healthy countries.,Maybe,4,4,3,3.428,21.194,21.971,9,Treatment,78283
2018-12-02 19:00:25,2018-12-02 19:05:41,IP Address,98.209.252.187,100,315,True,2018-12-02 19:05:41,R_1Do1EhQfqtjMLJp,,,,,42.9467926025390625,-83.8170013427734375,anonymous,EN,Male,,United States Michigan,Independent,,36-48,0,0,241.656,0,,,,,Tuberculosis could be wiped if we treated it with the same strategy in poor countries as we do in healthy countries.,Yes,5,5,4,7.375,29.023,29.771,7,Control,35589
2018-12-02 19:05:19,2018-12-02 19:05:45,IP Address,173.69.170.38,100,26,True,2018-12-02 19:05:45,R_3IWONOXqZV7rd0x,,,,,39.2057952880859375,-76.7530975341796875,anonymous,EN,Male,,usa md,Democratic,,18-24,0,0,1.35,0,,,,,Tuberculosis could be wiped if we treated it with the same strategy in poor countries as we do in healthy countries.,Maybe,4,4,3,0.949,9.311,9.728,6,Control,40358
2018-12-02 19:03:08,2018-12-02 19:05:47,IP Address,73.251.140.134,100,159,True,2018-12-02 19:05:48,R_DUhZQSmc2KOOeZj,,,,,39.083404541015625,-78.19069671630859375,anonymous,EN,Female,,"USA, VIRGINIA",Democratic,,36-48,,,,,0,0,81.597,0,Tuberculosis could be wiped if we treated it with the same strategy in poor countries as we do in healthy countries.,Maybe,4,4,4,8.648,33.079,34.444,8,Treatment,16093
2018-12-02 19:01:23,2018-12-02 19:06:11,IP Address,71.91.133.66,100,287,True,2018-12-02 19:06:12,R_22LJYqD6JoOlDV4,,,,,33.6493072509765625,-86.7057037353515625,anonymous,EN,Male,,"USA, AL",Democratic,,26-35,0.813,3.88,4.613,10,,,,,Tuberculosis could be wiped if we treated it with the same strategy in poor countries as we do in healthy countries.,Maybe,4,3,4,192.001,197.403,197.607,20,Control,55595
2018-12-02 19:04:36,2018-12-02 19:06:13,IP Address,104.50.112.70,100,96,True,2018-12-02 19:06:13,R_2X1FLpNooqIIniJ,,,,,41.6790008544921875,-88.14029693603515625,anonymous,EN,Male,,"usa il ",Republican,,26-35,0,0,50.284,0,,,,,Tuberculosis could be wiped if we treated it with the same strategy in poor countries as we do in healthy countries.,Maybe,3,4,4,6.023,17.464,18.462,5,Control,67950
2018-12-02 19:04:52,2018-12-02 19:06:33,IP Address,104.238.59.70,100,100,True,2018-12-02 19:06:33,R_24GEI0cMtzkpp3s,,,,,37.751007080078125,-97.82199859619140625,anonymous,EN,Female,,eeuu,Republican,,26-35,0,0,25.064,0,,,,,Tuberculosis could be wiped if we treated it with the same strategy in poor countries as we do in healthy countries.,Yes,4,3,3,2.784,21.296,22.838,25,Control,71737
2018-12-02 19:05:43,2018-12-02 19:06:42,IP Address,66.25.251.38,100,58,True,2018-12-02 19:06:42,R_29mNiMtcKOOZJdD,,,,,30.28179931640625,-94.2191009521484375,anonymous,EN,Male,,USA,Democratic,,36-48,,,,,0,0,3.259,0,Tuberculosis is no longer a health issue.,Yes,3,3,3,2.261,13.571,15.762,7,Treatment,85593
2018-12-02 19:03:40,2018-12-02 19:06:53,IP Address,24.2.125.115,100,192,True,2018-12-02 19:06:53,R_2zCJc2YQjlUUZoU,,,,,40.48370361328125,-79.73809814453125,anonymous,EN,Female,,"United States, Pennsylvania",Democratic,,26-35,56.091,114.554,116.257,3,,,,,Tuberculosis could be wiped if we treated it with the same strategy in poor countries as we do in healthy countries.,Yes,5,5,4,5.002,21.218,22.383,6,Control,77303
2018-12-02 19:02:57,2018-12-02 19:07:01,IP Address,47.40.146.204,100,244,True,2018-12-02 19:07:01,R_1H0OAlsOI3ROxcw,,,,,42.2624053955078125,-85.60959625244140625,anonymous,EN,Male,,"USA, Michigan",Independent,,26-35,0.885,164.571,168.647,40,,,,,Tuberculosis could be wiped if we treated it with the same strategy in poor countries as we do in healthy countries.,Yes,4,4,2,2.458,48.043,49.815,13,Control,26288
2018-12-02 19:05:49,2018-12-02 19:07:21,IP Address,50.89.213.70,100,92,True,2018-12-02 19:07:21,R_DvZvLXQiL4wdMEp,,,,,29.160003662109375,-81.0269012451171875,anonymous,EN,Male,,"United States, Florida",Republican,,18-24,6.371,14.398,38.071,3,,,,,Tuberculosis is no longer a health issue.,Yes,3,4,3,22.357,29.371,30.292,6,Control,65525
2018-12-02 18:59:15,2018-12-02 19:07:43,IP Address,68.133.1.221,100,507,True,2018-12-02 19:07:43,R_1E5N8AhjIEHvLpZ,,,,,43.0428924560546875,-78.69879913330078125,anonymous,EN,Female,,"NY, USA",Democratic,,36-48,,,,,0,0,462.635,0,Tuberculosis could be wiped if we treated it with the same strategy in poor countries as we do in healthy countries.,No,3,2,1,4.595,18.887,20.26,5,Treatment,15074
2018-12-02 19:05:24,2018-12-02 19:07:52,IP Address,100.0.50.13,100,147,True,2018-12-02 19:07:52,R_1hEXC4CgzmWdODw,,,,,42.4828033447265625,-71.09780120849609375,anonymous,EN,Male,,"Massachusetts, USA",Democratic,,26-35,,,,,0,0,96.501,0,Tuberculosis could be wiped if we treated it with the same strategy in poor countries as we do in healthy countries.,Yes,4,4,4,15.693,27.149,28.062,6,Treatment,53114
2018-12-02 18:55:39,2018-12-02 19:07:58,IP Address,192.241.68.42,100,738,True,2018-12-02 19:07:58,R_32Skh9RmWRSrgPs,,,,,36.8529052734375,-76.28780364990234375,anonymous,EN,Male,,USA and Alaska,Republican,,26-35,,,,,0,0,400.33,0,Tuberculosis could be wiped if we treated it with the same strategy in poor countries as we do in healthy countries.,Yes,4,5,5,25.529,219.086,222.382,5,Treatment,83858
2018-12-02 19:03:14,2018-12-02 19:08:04,IP Address,74.138.65.122,100,289,True,2018-12-02 19:08:04,R_qDUjpX2jcprIrdv,,,,,38.3509979248046875,-85.89959716796875,anonymous,EN,Male,,"USA, IN",Independent,,49-59,0,0,244.41,0,,,,,Tuberculosis could be wiped if we treated it with the same strategy in poor countries as we do in healthy countries.,Yes,4,4,4,5.004,21.598,22.313,5,Control,14357
2018-12-02 19:07:09,2018-12-02 19:08:27,IP Address,104.6.56.126,100,78,True,2018-12-02 19:08:27,R_1N3vQxmNHkcvxCE,,,,,30.42120361328125,-86.89260101318359375,anonymous,EN,Female,,United States,Democratic,,26-35,,,,,1.755,12.824,15.85,7,Tuberculosis could be wiped if we treated it with the same strategy in poor countries as we do in healthy countries.,Maybe,4,3,3,5.877,28.422,29.192,18,Treatment,91870
2018-12-02 19:07:01,2018-12-02 19:08:50,IP Address,98.157.239.22,100,109,True,2018-12-02 19:08:50,R_WlMRrw7C7E785up,,,,,39.4069976806640625,-87.40200042724609375,anonymous,EN,Female,,usa,Democratic,,49-59,,,,,0,0,6.335,0,Tuberculosis could be wiped if we treated it with the same strategy in poor countries as we do in healthy countries.,Maybe,4,4,4,5.454,18.652,19.319,6,Treatment,24412
2018-12-02 19:04:16,2018-12-02 19:09:19,IP Address,97.106.72.115,100,303,True,2018-12-02 19:09:20,R_3vKjFg5DmyoarND,,,,,27.961395263671875,-82.4597015380859375,anonymous,EN,Female,,USA Florida,Independent,,49-59,,,,,8.116,209.933,226.268,5,Tuberculosis could be wiped if we treated it with the same strategy in poor countries as we do in healthy countries.,Yes,5,5,4,6.202,30.905,31.791,7,Treatment,60277
2018-12-02 18:58:09,2018-12-02 19:09:37,IP Address,32.216.138.27,100,688,True,2018-12-02 19:09:38,R_2SCAWZoa2nAlb4c,,,,,41.8560943603515625,-72.66390228271484375,anonymous,EN,Female,,"CT,US",Independent,,26-35,,,,,82.964,597.654,617.472,9,Tuberculosis could be wiped if we treated it with the same strategy in poor countries as we do in healthy countries.,Yes,5,5,5,7.877,23.527,23.958,18,Treatment,26480
2018-12-02 19:05:56,2018-12-02 19:09:42,IP Address,24.180.215.169,100,225,True,2018-12-02 19:09:42,R_3Hqe3ncLI6J1QRh,,,,,42.5370941162109375,-83.77559661865234375,anonymous,EN,Female,,"michigan, usa",Democratic,,36-48,0,0,160.622,0,,,,,Tuberculosis could be wiped if we treated it with the same strategy in poor countries as we do in healthy countries.,Maybe,3,3,3,13.421,29.267,30.68,5,Control,23662
2018-12-02 18:59:17,2018-12-02 19:09:45,IP Address,66.91.209.94,100,627,True,2018-12-02 19:09:45,R_308kgHgndRxTKAS,,,,,21.281097412109375,-157.82659912109375,anonymous,EN,Female,,"US, Hawaii",Democratic,,36-48,0,0,587.669,0,,,,,Tuberculosis could be wiped if we treated it with the same strategy in poor countries as we do in healthy countries.,Yes,2,1,2,2.983,7.689,20.035,5,Control,72234
2018-12-02 18:59:22,2018-12-02 19:09:55,IP Address,69.140.206.200,100,632,True,2018-12-02 19:09:55,R_3MtcnPgCRq7KVQT,,,,,39.2655029296875,-76.493499755859375,anonymous,EN,Female,,Maryland United States,Democratic,,36-48,8.763,521.991,524.593,88,,,,,Tuberculosis could be wiped if we treated it with the same strategy in poor countries as we do in healthy countries.,Yes,5,4,3,11.955,30.363,30.547,20,Control,57715
2018-12-02 19:07:00,2018-12-02 19:10:00,IP Address,128.138.65.87,100,180,True,2018-12-02 19:10:00,R_1NmPf3Ej0t3hIji,,,,,40.0149993896484375,-105.270599365234375,anonymous,EN,Male,,USA Colorado,Democratic,,18-24,,,,,0,0,53.021,0,Tuberculosis could be wiped if we treated it with the same strategy in poor countries as we do in healthy countries.,Maybe,3,4,3,37.579,83.432,84.196,5,Treatment,89158
2018-12-02 19:04:40,2018-12-02 19:10:03,IP Address,184.167.243.190,100,323,True,2018-12-02 19:10:03,R_20O53wHlaViO8eh,,,,,39.0791015625,-108.49160003662109375,anonymous,EN,Female,,"USA, Colorado",Independent,,49-59,,,,,36.184,245.708,247.625,7,There is a single global strategy for tuberculosis treatment worldwide,Maybe,5,5,5,22.319,35.743,36.39,13,Treatment,77614
2018-12-02 19:05:00,2018-12-02 19:10:06,IP Address,74.90.174.2,100,305,True,2018-12-02 19:10:06,R_ddtoBioqyzoPUHf,,,,,40.83160400390625,-73.9098968505859375,anonymous,EN,Male,,USA NY,Independent,,26-35,0,0,250.772,0,,,,,Tuberculosis could be wiped if we treated it with the same strategy in poor countries as we do in healthy countries.,Maybe,5,4,5,12.609,26.392,27.555,5,Control,79187
2018-12-02 19:07:45,2018-12-02 19:10:08,IP Address,73.168.248.73,100,142,True,2018-12-02 19:10:08,R_2wBqV9kQSQiFbIv,,,,,42.2165985107421875,-89.05120086669921875,anonymous,EN,Female,,"USA, IL",Democratic,,26-35,14.234,89.2,91.481,31,,,,,Tuberculosis could be wiped if we treated it with the same strategy in poor countries as we do in healthy countries.,Yes,3,3,3,2.778,16.626,18.388,7,Control,93791
2018-12-02 19:08:22,2018-12-02 19:10:10,IP Address,108.40.120.206,100,107,True,2018-12-02 19:10:10,R_23VUfp6XdT0M8cp,,,,,39.2725982666015625,-76.86139678955078125,anonymous,EN,Female,,usa MD,Independent,,26-35,3.735,64.325,64.834,14,,,,,Tuberculosis could be wiped if we treated it with the same strategy in poor countries as we do in healthy countries.,Maybe,4,4,2,5.957,20.553,21.022,15,Control,91659
2018-12-02 19:04:25,2018-12-02 19:10:35,IP Address,174.200.2.6,100,369,True,2018-12-02 19:10:35,R_9zCmcuPrQo4qflv,,,,,40.7104034423828125,-74.21109771728515625,anonymous,EN,Female,,us,Democratic,,59 or older,45.157,267.61,277.663,9,,,,,Tuberculosis could be wiped if we treated it with the same strategy in poor countries as we do in healthy countries.,Yes,5,5,5,20.387,49.212,50.286,9,Control,15796
2018-12-02 19:03:46,2018-12-02 19:10:36,IP Address,73.83.100.197,100,410,True,2018-12-02 19:10:37,R_7O1WYKpQeOVGAGB,,,,,48.6952056884765625,-122.4123992919921875,anonymous,EN,Female,,"Washington State, US",Republican,,49-59,,,,,12.995,290.427,291.877,7,Tuberculosis could be wiped if we treated it with the same strategy in poor countries as we do in healthy countries.,Maybe,5,4,5,4.98,39.716,40.878,11,Treatment,41118
2018-12-02 19:06:42,2018-12-02 19:10:54,IP Address,97.70.114.73,100,251,True,2018-12-02 19:10:54,R_1NzameemVCLBK7p,,,,,42.465606689453125,-83.363800048828125,anonymous,EN,Female,,USA MI,Independent,,36-48,1.47,76.593,77.718,17,,,,,Tuberculosis could be wiped if we treated it with the same strategy in poor countries as we do in healthy countries.,Yes,4,4,4,0.97,47.449,48.507,13,Control,48795
2018-12-02 19:05:59,2018-12-02 19:11:26,IP Address,70.134.39.78,100,327,True,2018-12-02 19:11:27,R_Y0sLSTSQZNVtHkl,,,,,33.6580963134765625,-95.53790283203125,anonymous,EN,Female,,USA Texas,Republican,,36-48,,,,,0,0,290.231,0,Tuberculosis could be wiped if we treated it with the same strategy in poor countries as we do in healthy countries.,Yes,5,5,4,3.574,12.702,13.878,5,Treatment,90275
2018-12-02 19:10:25,2018-12-02 19:11:36,IP Address,107.77.197.49,100,71,True,2018-12-02 19:11:37,R_3QXEZJSDOcJB0Ws,,,,,32.9373931884765625,-96.787200927734375,anonymous,EN,Female,,"United States, Texas ",Democratic,,18-24,,,,,4.361,19.701,20.681,11,Tuberculosis could be wiped if we treated it with the same strategy in poor countries as we do in healthy countries.,Maybe,4,5,3,2.602,17.231,17.746,19,Treatment,77483
2018-12-02 19:06:02,2018-12-02 19:11:48,IP Address,76.97.137.20,100,345,True,2018-12-02 19:11:48,R_3kvKo8CVEjPp57a,,,,,33.8769073486328125,-83.89679718017578125,anonymous,EN,Female,,USA GA,Independent,,36-48,22.422,231.561,273.832,6,,,,,Tuberculosis could be wiped if we treated it with the same strategy in poor countries as we do in healthy countries.,Yes,4,4,3,13.91,35.454,36.863,8,Control,96575
2018-12-02 19:10:42,2018-12-02 19:11:49,IP Address,50.45.23.189,100,66,True,2018-12-02 19:11:49,R_WoYIq0LYNIXkkhz,,,,,37.7256927490234375,-88.9293975830078125,anonymous,EN,Female,,"USA, IL",Republican,,26-35,,,,,1.692,1.692,2.229,1,There is a single global strategy for tuberculosis treatment worldwide,Maybe,3,5,3,5.532,29.928,31.062,10,Treatment,15138
2018-12-02 19:11:15,2018-12-02 19:12:43,IP Address,118.174.72.232,100,87,True,2018-12-02 19:12:43,R_2atv8ZA3eFe1C0o,,,,,19.033294677734375,100.06671142578125,anonymous,EN,Male,,georgia,Independent,,36-48,,,,,0,0,29.485,0,Tuberculosis could be wiped if we treated it with the same strategy in poor countries as we do in healthy countries.,Maybe,4,4,4,12.776,27.702,30.596,5,Treatment,98993
2018-12-02 19:10:21,2018-12-02 19:12:51,IP Address,24.129.96.251,100,149,True,2018-12-02 19:12:51,R_1mrwbV6HKwjPNho,,,,,30.3509979248046875,-81.506103515625,anonymous,EN,Male,,"USA, FL",Independent,,36-48,1.953,8.423,102.262,3,,,,,Tuberculosis could be wiped if we treated it with the same strategy in poor countries as we do in healthy countries.,Maybe,4,3,1,3.749,21.336,22.5,6,Control,11628
2018-12-02 19:06:37,2018-12-02 19:12:51,IP Address,184.91.194.17,100,374,True,2018-12-02 19:12:51,R_31SEygvHf5It0Gn,,,,,28.94549560546875,-80.8968963623046875,anonymous,EN,Male,,"USA, Florida",Democratic,,49-59,8.518,260.681,284.704,5,,,,,Tuberculosis could be wiped if we treated it with the same strategy in poor countries as we do in healthy countries.,Maybe,5,5,5,17.647,39.374,40.392,8,Control,45838
2018-12-02 19:01:56,2018-12-02 19:12:56,IP Address,104.10.29.29,100,660,True,2018-12-02 19:12:57,R_2S2Y8KyLmp0jUzO,,,,,33.920806884765625,-117.45890045166015625,anonymous,EN,Male,,"United States, California",Democratic,,26-35,1.477,34.67,514.073,6,,,,,Tuberculosis could be wiped if we treated it with the same strategy in poor countries as we do in healthy countries.,Yes,4,3,3,4.953,120.756,123.61,13,Control,43831
2018-12-02 19:10:48,2018-12-02 19:12:57,IP Address,74.139.172.19,100,128,True,2018-12-02 19:12:57,R_2zoKG4mYFatUtHE,,,,,38.1381072998046875,-85.6952972412109375,anonymous,EN,Female,,United States Kentucky,Democratic,,26-35,17.726,48.383,73.822,2,,,,,Tuberculosis could be wiped if we treated it with the same strategy in poor countries as we do in healthy countries.,Yes,4,5,3,10.654,27.365,27.933,6,Control,64039
2018-12-02 18:56:26,2018-12-02 19:13:02,IP Address,104.131.19.173,100,995,True,2018-12-02 19:13:02,R_1jqELtse8MOdKV9,,,,,40.8343963623046875,-74.13770294189453125,anonymous,EN,Male,,"Estados Unido, Texas",Republican,,26-35,,,,,0,0,19.875,0,Tuberculosis could be wiped if we treated it with the same strategy in poor countries as we do in healthy countries.,Yes,4,4,3,547.148,559.029,560.386,5,Treatment,84325
2018-12-02 19:12:06,2018-12-02 19:13:18,IP Address,172.56.36.150,100,72,True,2018-12-02 19:13:18,R_2X57qd2vLFWwaBD,,,,,40.803497314453125,-74.1891021728515625,anonymous,EN,Male,,Ny,Democratic,,18-24,,,,,1.576,1.576,7.511,1,There is a single global strategy for tuberculosis treatment worldwide,Yes,5,5,5,0.531,10.361,10.981,20,Treatment,81929
2018-12-02 19:10:08,2018-12-02 19:13:21,IP Address,98.18.156.95,100,192,True,2018-12-02 19:13:21,R_3ExSBkbnipWQH6d,,,,,30.1759033203125,-83.03040313720703125,anonymous,EN,Female,,"Florida, USA",Independent,,18-24,,,,,0,0,145.926,0,Tuberculosis could be wiped if we treated it with the same strategy in poor countries as we do in healthy countries.,Yes,5,5,4,4.43,14.42,16.455,5,Treatment,72094
2018-12-02 19:11:16,2018-12-02 19:13:55,IP Address,75.70.169.240,100,158,True,2018-12-02 19:13:55,R_3ND6NvQw6mm3JTN,,,,,39.7339935302734375,-105.02590179443359375,anonymous,EN,Female,,"USA, Colorado",Democratic,,36-48,0,0,105.665,0,,,,,Tuberculosis could be wiped if we treated it with the same strategy in poor countries as we do in healthy countries.,Maybe,5,4,1,2.497,18.293,19.518,5,Control,87239
2018-12-02 19:09:15,2018-12-02 19:13:58,IP Address,75.138.15.239,100,283,True,2018-12-02 19:13:58,R_cAScJbJaoSjbFzH,,,,,34.3282928466796875,-86.48960113525390625,anonymous,EN,Female,,"Alabama, United States",Independent,,36-48,6.495,8.423,95.263,3,,,,,Tuberculosis could be wiped if we treated it with the same strategy in poor countries as we do in healthy countries.,Maybe,5,5,4,4.117,123.564,125.005,5,Control,75679
2018-12-02 19:09:21,2018-12-02 19:14:21,IP Address,66.41.62.183,100,299,True,2018-12-02 19:14:22,R_2fJqP2dGB5ObvPi,,,,,41.9008026123046875,-88.75479888916015625,anonymous,EN,Male,,"Illinois, USA",Democratic,,26-35,9.296,159.908,176.054,5,,,,,Tuberculosis could be wiped if we treated it with the same strategy in poor countries as we do in healthy countries.,Maybe,4,3,3,40.452,55.433,65.714,10,Control,90517
2018-12-02 19:13:03,2018-12-02 19:14:28,IP Address,128.237.113.247,100,85,True,2018-12-02 19:14:29,R_zUNULYvsdvtKOo9,,,,,40.444000244140625,-79.9552001953125,anonymous,EN,Female,,"Pennsylvania, United States of America",Republican,,18-24,51.636,52.763,55.093,2,,,,,Tuberculosis could be wiped if we treated it with the same strategy in poor countries as we do in healthy countries.,Maybe,4,5,4,2.479,14.385,14.935,6,Control,37018
2018-12-02 19:10:38,2018-12-02 19:14:35,IP Address,71.84.184.163,100,236,True,2018-12-02 19:14:35,R_sZpIwDdbMlgG3nP,,,,,46.210906982421875,-119.167999267578125,anonymous,EN,Female,,"Washington, United States of America",Republican,,26-35,2.001,169.646,171.156,53,,,,,Tuberculosis could be wiped if we treated it with the same strategy in poor countries as we do in healthy countries.,Yes,5,5,5,4.484,18.302,19.087,18,Control,91807
2018-12-02 19:10:07,2018-12-02 19:14:50,IP Address,50.24.242.56,100,283,True,2018-12-02 19:14:50,R_3HFkxfevtAeebdI,,,,,30.644805908203125,-95.579803466796875,anonymous,EN,Female,,"United States, Texas",Republican,,36-48,,,,,8.339,175.962,178.421,40,Tuberculosis could be wiped if we treated it with the same strategy in poor countries as we do in healthy countries.,No,4,3,3,5.713,33.467,34.368,21,Treatment,27035
2018-12-02 19:11:29,2018-12-02 19:14:59,IP Address,107.142.196.62,100,210,True,2018-12-02 19:15:00,R_3MxrXM6F6Tl1vbR,,,,,36.32659912109375,-84.19280242919921875,anonymous,EN,Male,,"tn, usa",Independent,,49-59,84.957,95.126,109.276,3,,,,,Tuberculosis could be wiped if we treated it with the same strategy in poor countries as we do in healthy countries.,Yes,4,4,3,13.364,27.565,28.835,5,Control,80978
2018-12-02 19:11:40,2018-12-02 19:15:26,IP Address,67.242.193.194,100,226,True,2018-12-02 19:15:27,R_1iajKxyVx5bT3y0,,,,,42.708892822265625,-73.2035980224609375,anonymous,EN,Female,,"USA, MA",Independent,,49-59,0,0,172.338,0,,,,,Tuberculosis could be wiped if we treated it with the same strategy in poor countries as we do in healthy countries.,Yes,4,4,3,4.501,22.556,23.663,5,Control,88758
2018-12-02 19:12:17,2018-12-02 19:15:28,IP Address,75.143.141.3,100,191,True,2018-12-02 19:15:29,R_1qh4e3NQMWEmsUH,,,,,45.704498291015625,-89.3865966796875,anonymous,EN,Male,,"Wisconsin, United States",Democratic,,26-35,,,,,39.458,114.771,115.96,2,Tuberculosis could be wiped if we treated it with the same strategy in poor countries as we do in healthy countries.,Yes,4,4,1,12.611,33.834,34.661,9,Treatment,64461
2018-12-02 19:06:47,2018-12-02 19:15:44,IP Address,174.85.234.72,100,537,True,2018-12-02 19:15:45,R_3G98zj6saFYLrKw,,,,,34.54840087890625,-87.000396728515625,anonymous,EN,Female,,USA (Alabama),Democratic,,49-59,,,,,23.637,23.637,325.909,1,Tuberculosis could be wiped if we treated it with the same strategy in poor countries as we do in healthy countries.,Maybe,5,5,1,20.178,101.398,106.779,11,Treatment,62526
2018-12-02 19:13:21,2018-12-02 19:15:57,IP Address,96.32.1.133,100,155,True,2018-12-02 19:15:57,R_2YqRu6SFycdC0Zv,,,,,41.331207275390625,-73.22429656982421875,anonymous,EN,Female,,"Connecticut, USA",Democratic,,18-24,0,0,50.911,0,,,,,Tuberculosis could be wiped if we treated it with the same strategy in poor countries as we do in healthy countries.,Yes,5,5,4,3.964,26.003,28.458,7,Control,66775
2018-12-02 19:12:03,2018-12-02 19:16:06,IP Address,174.27.141.114,100,242,True,2018-12-02 19:16:06,R_25NJ5Lufj0kjRRF,,,,,43.6150054931640625,-116.39749908447265625,anonymous,EN,Male,,"United States of America, Idaho",Other,Constitutionalist,36-48,,,,,2.954,193.476,194.096,3,Tuberculosis could be wiped if we treated it with the same strategy in poor countries as we do in healthy countries.,Yes,4,3,3,4.749,18.452,18.937,7,Treatment,66806
2018-12-02 19:03:26,2018-12-02 19:16:20,IP Address,67.174.66.252,100,774,True,2018-12-02 19:16:20,R_1LpxmsGodzeZ4wb,,,,,37.38250732421875,-79.21810150146484375,anonymous,EN,Female,,"United States, Virginia",Independent,,36-48,311.094,597.582,599.026,5,,,,,Tuberculosis could be wiped if we treated it with the same strategy in poor countries as we do in healthy countries.,Yes,5,5,3,12.381,48.272,49.288,9,Control,50484
2018-12-02 19:13:58,2018-12-02 19:16:22,IP Address,208.95.49.163,100,144,True,2018-12-02 19:16:22,R_bx8sugRic7qKhMJ,,,,,37.38250732421875,-79.21810150146484375,anonymous,EN,Male,,USA - CT,Independent,,26-35,,,,,0,0,98.241,0,Tuberculosis could be wiped if we treated it with the same strategy in poor countries as we do in healthy countries.,Yes,4,4,4,1.994,7.142,15.467,5,Treatment,93986
2018-12-02 19:12:20,2018-12-02 19:16:26,IP Address,162.198.143.20,100,245,True,2018-12-02 19:16:26,R_RaWZLUeOIvgxNzb,,,,,41.1074981689453125,-81.50060272216796875,anonymous,EN,Female,,United States Ohio,Democratic,,59 or older,24.812,157.387,171.603,43,,,,,Tuberculosis could be wiped if we treated it with the same strategy in poor countries as we do in healthy countries.,Maybe,4,5,5,5.086,32.315,33.2,14,Control,72892
2018-12-02 19:13:05,2018-12-02 19:17:02,IP Address,73.0.86.58,100,236,True,2018-12-02 19:17:02,R_AKCEaEzS1FEgJax,,,,,26.2996978759765625,-80.180999755859375,anonymous,EN,Male,,"USA, Florida",Independent,,26-35,,,,,0,0,160.617,0,Tuberculosis could be wiped if we treated it with the same strategy in poor countries as we do in healthy countries.,Yes,4,4,3,8.167,34.534,36.1,9,Treatment,97276
2018-12-02 19:13:22,2018-12-02 19:17:21,IP Address,157.46.17.255,100,238,True,2018-12-02 19:17:21,R_3JnqhLRBYgBBgkR,,,,,13.0832977294921875,80.283294677734375,anonymous,EN,Male,,"USA, California",Independent,,26-35,0,0,50.609,0,,,,,Tuberculosis is no longer a health issue.,Yes,4,4,4,17.532,87.78,88.561,6,Control,27849
2018-12-02 19:14:13,2018-12-02 19:17:26,IP Address,68.40.74.202,100,192,True,2018-12-02 19:17:26,R_2aqybloEB7ctNZq,,,,,42.8697052001953125,-85.66280364990234375,anonymous,EN,Female,,"Michigan, US",Democratic,,36-48,,,,,0.784,137.971,139.967,50,Tuberculosis could be wiped if we treated it with the same strategy in poor countries as we do in healthy countries.,Maybe,4,4,2,5.623,22.316,23.22,16,Treatment,53864
2018-12-02 19:12:29,2018-12-02 19:17:47,IP Address,50.39.185.7,100,317,True,2018-12-02 19:17:47,R_1nUwwwuBGUQWRpe,,,,,45.45050048828125,-122.865203857421875,anonymous,EN,Female,,"US, Oregon",Democratic,,26-35,,,,,3.704,256.455,258.686,13,Tuberculosis could be wiped if we treated it with the same strategy in poor countries as we do in healthy countries.,Maybe,5,4,3,2.82,27.193,28.136,9,Treatment,92549
2018-12-02 19:11:11,2018-12-02 19:17:48,IP Address,99.171.140.244,100,396,True,2018-12-02 19:17:48,R_pisdi2tOSHcSSul,,,,,34.00250244140625,-84.4633026123046875,anonymous,EN,Male,,USA Georgia,Republican,,49-59,,,,,252.904,255.732,283.113,2,Tuberculosis could be wiped if we treated it with the same strategy in poor countries as we do in healthy countries.,Yes,5,5,5,7.177,40.591,45.611,5,Treatment,26603
2018-12-02 19:17:02,2018-12-02 19:18:13,IP Address,73.164.106.64,100,70,True,2018-12-02 19:18:13,R_2cqsZ1txJhXY3J6,,,,,44.779296875,-93.5196990966796875,anonymous,EN,Male,,"United states Minnesota ",Republican,,36-48,,,,,0,0,2.117,0,Tuberculosis is no longer a health issue.,Maybe,3,4,3,12.818,27.765,28.731,7,Treatment,45091
2018-12-02 19:14:22,2018-12-02 19:18:16,IP Address,72.92.25.56,100,234,True,2018-12-02 19:18:17,R_yCM0f5ibarAfKOB,,,,,39.829498291015625,-75.43540191650390625,anonymous,EN,Female,,usa pa,Democratic,,49-59,,,,,8.825,142.941,157.106,5,Tuberculosis could be wiped if we treated it with the same strategy in poor countries as we do in healthy countries.,Maybe,4,4,1,3.511,30.599,31.3,13,Treatment,24788
2018-12-02 19:08:52,2018-12-02 19:18:29,IP Address,71.235.67.167,100,577,True,2018-12-02 19:18:29,R_UbvodWNjeSdvY5z,,,,,41.83160400390625,-72.7248992919921875,anonymous,EN,Male,,"United States, Connecticut",Democratic,,49-59,,,,,0,0,434.234,0,Tuberculosis could be wiped if we treated it with the same strategy in poor countries as we do in healthy countries.,Maybe,5,3,3,28.178,61.223,63.198,7,Treatment,91894
2018-12-02 19:11:50,2018-12-02 19:18:49,IP Address,107.14.57.131,100,419,True,2018-12-02 19:18:49,R_5uIHnt7VI8JrIC5,,,,,33.9376983642578125,-118.33209991455078125,anonymous,EN,Female,,USA Ca,Democratic,,36-48,6.219,311.784,332.443,38,,,,,Tuberculosis could be wiped if we treated it with the same strategy in poor countries as we do in healthy countries.,Maybe,4,4,4,6.489,33.34,33.858,19,Control,44621
2018-12-02 19:12:25,2018-12-02 19:18:49,IP Address,73.195.189.73,100,384,True,2018-12-02 19:18:50,R_1pG4m7PHvnTNcsw,,,,,39.97149658203125,-74.25119781494140625,anonymous,EN,Male,,USA NJ,Democratic,,59 or older,,,,,8.058,294.056,303.79,20,Tuberculosis could be wiped if we treated it with the same strategy in poor countries as we do in healthy countries.,Yes,5,5,5,6.162,34.796,36.806,13,Treatment,74690
2018-12-02 19:13:29,2018-12-02 19:19:04,IP Address,174.217.28.5,100,335,True,2018-12-02 19:19:05,R_1f1yseISwaCi3rO,,,,,40.789306640625,-96.6938018798828125,anonymous,EN,Male,,usa ny,Independent,,26-35,0,0,284.025,0,,,,,Tuberculosis could be wiped if we treated it with the same strategy in poor countries as we do in healthy countries.,Maybe,3,3,3,14.596,25.396,26.106,5,Control,62776
2018-12-02 19:15:59,2018-12-02 19:19:07,IP Address,137.118.203.220,100,188,True,2018-12-02 19:19:07,R_3n8IowngRD7xL5G,,,,,45.7216033935546875,-123.90489959716796875,anonymous,EN,Male,,USA   Oregon,Democratic,,59 or older,126.468,126.468,127.606,1,,,,,Tuberculosis could be wiped if we treated it with the same strategy in poor countries as we do in healthy countries.,Maybe,4,2,2,5.146,33.446,34.428,5,Control,84614
2018-12-02 19:16:51,2018-12-02 19:19:18,IP Address,73.132.19.8,100,147,True,2018-12-02 19:19:19,R_1hMsmj3nrN8FJWm,,,,,38.815704345703125,-77.6215972900390625,anonymous,EN,Male,,"United States, Virginia",Democratic,,26-35,0,0,97.097,0,,,,,Tuberculosis could be wiped if we treated it with the same strategy in poor countries as we do in healthy countries.,Maybe,4,4,3,2.35,19.864,21.422,6,Control,98213
2018-12-02 19:17:28,2018-12-02 19:19:51,IP Address,65.191.30.209,100,143,True,2018-12-02 19:19:52,R_tKyVso79Clrn9Rf,,,,,35.0583038330078125,-79.00800323486328125,anonymous,EN,Male,,North Carolina,Independent,,26-35,,,,,0,0,50.196,0,Tuberculosis could be wiped if we treated it with the same strategy in poor countries as we do in healthy countries.,Yes,5,5,5,18.474,44.896,46.589,5,Treatment,64030
2018-12-02 19:15:41,2018-12-02 19:19:57,IP Address,98.157.116.250,100,256,True,2018-12-02 19:19:57,R_12FMmitkyYHuQu8,,,,,39.2873992919921875,-80.3419036865234375,anonymous,EN,Male,,"West Virginia, USA",Democratic,,26-35,9.286,85.574,100.903,4,,,,,Tuberculosis could be wiped if we treated it with the same strategy in poor countries as we do in healthy countries.,Maybe,4,4,2,5.309,21.914,22.989,5,Control,64449
2018-12-02 19:16:07,2018-12-02 19:19:58,IP Address,76.214.149.168,100,230,True,2018-12-02 19:19:58,R_OiIZ6mOPh0AWwvL,,,,,36.84320068359375,-119.65179443359375,anonymous,EN,Male,,United States and California,Democratic,,26-35,,,,,19.101,19.978,178.92,3,Tuberculosis could be wiped if we treated it with the same strategy in poor countries as we do in healthy countries.,Yes,5,4,4,9.74,18.726,19.387,5,Treatment,18831
2018-12-02 19:11:16,2018-12-02 19:20:15,IP Address,172.91.193.20,100,539,True,2018-12-02 19:20:16,R_2thWsGkBxgsrUih,,,,,34.39849853515625,-118.553497314453125,anonymous,EN,Female,,"Los Angeles, CA",Republican,,36-48,9.474,326.229,326.34,39,,,,,Tuberculosis could be wiped if we treated it with the same strategy in poor countries as we do in healthy countries.,Maybe,5,5,3,12.246,48.146,48.863,16,Control,82124
2018-12-02 19:09:55,2018-12-02 19:20:16,IP Address,65.175.239.8,100,621,True,2018-12-02 19:20:16,R_2cexUp9v4NyrhGm,,,,,43.20269775390625,-71.03769683837890625,anonymous,EN,Male,,"Usa, nashua ",Independent,,26-35,,,,,0.735,458.585,459.295,173,Tuberculosis could be wiped if we treated it with the same strategy in poor countries as we do in healthy countries.,Yes,4,1,3,1.431,42.901,43.856,34,Treatment,97220
2018-12-02 19:13:51,2018-12-02 19:20:51,IP Address,66.74.51.40,100,420,True,2018-12-02 19:20:52,R_3KTpvGWRCR9nua2,,,,,34.1558990478515625,-116.431304931640625,anonymous,EN,Male,,US California,Republican,,36-48,,,,,0,0,319.861,0,Tuberculosis could be wiped if we treated it with the same strategy in poor countries as we do in healthy countries.,Maybe,4,2,3,19.556,39.419,41.165,5,Treatment,46287
2018-12-02 19:16:01,2018-12-02 19:21:09,IP Address,184.90.21.134,100,307,True,2018-12-02 19:21:09,R_3juulhn0MSlt1bb,,,,,29.283294677734375,-81.08820343017578125,anonymous,EN,Male,,"USA, FL",Republican,,26-35,139.477,153.99,219.728,2,,,,,Tuberculosis could be wiped if we treated it with the same strategy in poor countries as we do in healthy countries.,Yes,5,1,3,17.799,60.847,61.408,5,Control,87881
2018-12-02 19:18:28,2018-12-02 19:21:10,IP Address,24.112.211.161,100,161,True,2018-12-02 19:21:10,R_3KUdGJlL0jCx7b9,,,,,40.68499755859375,-80.1071014404296875,anonymous,EN,Male,,"USA, Pennsylvania ",Democratic,,49-59,,,,,0,0,88.652,0,Tuberculosis could be wiped if we treated it with the same strategy in poor countries as we do in healthy countries.,Maybe,5,5,3,4.944,35.729,37.756,5,Treatment,53673
2018-12-02 19:16:37,2018-12-02 19:21:17,IP Address,24.158.86.163,100,279,True,2018-12-02 19:21:17,R_3HLn7gDDloIWee4,,,,,36.3444976806640625,-82.20149993896484375,anonymous,EN,Female,,"USA, Tennessee",Independent,,59 or older,0,0,204.61,0,,,,,Tuberculosis could be wiped if we treated it with the same strategy in poor countries as we do in healthy countries.,Maybe,5,5,5,14.291,34.307,35.467,5,Control,39078
2018-12-02 19:18:13,2018-12-02 19:21:34,IP Address,108.14.97.30,100,201,True,2018-12-02 19:21:34,R_XFf2IJy9e0FfjNv,,,,,40.6636962890625,-73.63800048828125,anonymous,EN,Female,,"NY, U.S.A",Democratic,,26-35,0,0,150.364,0,,,,,Tuberculosis could be wiped if we treated it with the same strategy in poor countries as we do in healthy countries.,Maybe,5,5,5,5.519,17.371,18.152,5,Control,40412
2018-12-02 19:16:22,2018-12-02 19:21:37,IP Address,160.3.96.139,100,314,True,2018-12-02 19:21:37,R_10Z6ps0YrmOtMZT,,,,,42.5243988037109375,-113.79309844970703125,anonymous,EN,Female,,"Idaho, USA",Democratic,,26-35,,,,,13.623,214.896,216.601,12,Tuberculosis could be wiped if we treated it with the same strategy in poor countries as we do in healthy countries.,Maybe,5,5,5,18.1,47.488,49.269,12,Treatment,23560
2018-12-02 19:20:33,2018-12-02 19:21:38,IP Address,100.14.61.234,100,64,True,2018-12-02 19:21:38,R_2UWXu7Vvqt8fQ4n,,,,,39.9441070556640625,-75.58820343017578125,anonymous,EN,Male,,"PA, USA",Independent,,26-35,0,0,9.955,0,,,,,There is a single global strategy for tuberculosis treatment worldwide,Yes,4,4,1,13.774,28.038,28.719,5,Control,89983
2018-12-02 19:18:26,2018-12-02 19:21:45,IP Address,67.160.103.66,100,198,True,2018-12-02 19:21:45,R_tFnR4ajqbQ1ZVNT,,,,,47.630096435546875,-122.2971954345703125,anonymous,EN,Male,,USA,Democratic,,36-48,0,0,147.592,0,,,,,Tuberculosis could be wiped if we treated it with the same strategy in poor countries as we do in healthy countries.,Yes,4,4,3,12.535,28.833,30.198,5,Control,93519
2018-12-02 19:20:33,2018-12-02 19:22:10,IP Address,207.189.25.110,100,97,True,2018-12-02 19:22:10,R_PBWW61NXrBYrAu5,,,,,38.9066925048828125,-77.03119659423828125,anonymous,EN,Male,,us,Republican,,36-48,0,0,4.132,0,,,,,Tuberculosis is no longer a health issue.,Yes,5,5,5,1.873,9.22,12.142,5,Control,89463
2018-12-02 19:20:57,2018-12-02 19:22:22,IP Address,157.50.247.125,100,84,True,2018-12-02 19:22:22,R_2RTUrrcf4f6VDQt,,,,,10.80499267578125,78.68560791015625,anonymous,EN,Female,,good,Independent,,26-35,,,,,0,0,10.555,0,Tuberculosis can be treated with diet of gummy bears and diet soda,Maybe,3,2,4,1.495,9.497,10.201,6,Treatment,39688
2018-12-02 19:18:05,2018-12-02 19:22:24,IP Address,73.187.47.196,100,259,True,2018-12-02 19:22:25,R_5pvb0e95d1Pz4Yh,,,,,40.1790008544921875,-77.00360107421875,anonymous,EN,Female,,usa,Independent,,49-59,,,,,0,0,211.906,0,Tuberculosis could be wiped if we treated it with the same strategy in poor countries as we do in healthy countries.,Maybe,4,4,2,3.551,17.055,18.085,5,Treatment,57956
2018-12-02 19:15:45,2018-12-02 19:22:59,IP Address,74.197.205.239,100,433,True,2018-12-02 19:22:59,R_1pM5Bg4SKmV2FKC,,,,,35.8983001708984375,-77.5420989990234375,anonymous,EN,Female,,USA North Carolina,Republican,,36-48,63.657,316.599,318.246,25,,,,,Tuberculosis could be wiped if we treated it with the same strategy in poor countries as we do in healthy countries.,Maybe,4,4,4,8.909,39.8,54.657,7,Control,52728
2018-12-02 19:18:46,2018-12-02 19:23:02,IP Address,99.203.29.200,100,255,True,2018-12-02 19:23:03,R_2VPCcHDMKGuUN56,,,,,38.8636016845703125,-94.710296630859375,anonymous,EN,Female,,USA IL,Democratic,,26-35,,,,,5.998,167.69,170.446,12,Tuberculosis could be wiped if we treated it with the same strategy in poor countries as we do in healthy countries.,Yes,5,5,5,3.738,36.756,36.801,24,Treatment,30304
2018-12-02 19:20:52,2018-12-02 19:23:13,IP Address,71.185.51.210,100,140,True,2018-12-02 19:23:13,R_1JEMNP7j1M3YTuU,,,,,39.9611968994140625,-75.2303009033203125,anonymous,EN,Male,,"Pennsylvania, USA",Democratic,,26-35,0,0,58.972,0,,,,,Tuberculosis could be wiped if we treated it with the same strategy in poor countries as we do in healthy countries.,Yes,5,5,5,10.135,25.815,26.574,5,Control,66916
2018-12-02 19:15:56,2018-12-02 19:23:52,IP Address,24.254.223.211,100,476,True,2018-12-02 19:23:53,R_2R8QS8F2OdhpYP7,,,,,36.735198974609375,-76.2384033203125,anonymous,EN,Female,,United States Virginia,Democratic,,36-48,,,,,0,0,392.061,0,Tuberculosis could be wiped if we treated it with the same strategy in poor countries as we do in healthy countries.,Yes,4,4,1,15.168,35.159,36.763,5,Treatment,88272
2018-12-02 19:19:26,2018-12-02 19:24:10,IP Address,192.182.175.240,100,283,True,2018-12-02 19:24:10,R_31jG3STLVX0llB3,,,,,40.0269927978515625,-81.582000732421875,anonymous,EN,Male,,"Ohio, USA",Republican,,59 or older,,,,,0,0,197.476,0,Tuberculosis could be wiped if we treated it with the same strategy in poor countries as we do in healthy countries.,Maybe,5,4,5,25.519,39.319,40.07,5,Treatment,84100
2018-12-02 19:19:33,2018-12-02 19:24:12,IP Address,172.245.180.159,100,279,True,2018-12-02 19:24:13,R_vTYnoBAmyP5tzq1,,,,,42.8863983154296875,-78.8780975341796875,anonymous,EN,Male,,usa nevada,Republican,,49-59,0,0,4.588,0,,,,,Tuberculosis can be treated with diet of gummy bears and diet soda,Yes,4,5,4,3.175,10.591,17.99,4,Control,24931
2018-12-02 19:21:31,2018-12-02 19:24:51,IP Address,65.31.213.39,100,200,True,2018-12-02 19:24:52,R_snFtQwl6Ef60NBD,,,,,39.197906494140625,-94.5198974609375,anonymous,EN,Female,,"USA, Missouri",Democratic,,36-48,,,,,0,0,154.85,0,Tuberculosis could be wiped if we treated it with the same strategy in poor countries as we do in healthy countries.,Maybe,5,5,3,2.512,21.111,21.833,6,Treatment,24328
2018-12-02 19:18:55,2018-12-02 19:25:06,IP Address,24.181.69.209,100,371,True,2018-12-02 19:25:06,R_sbUyxDYn9fvRFn3,,,,,34.1819000244140625,-83.90239715576171875,anonymous,EN,Male,,"USA, Georgia",Independent,,36-48,0,0,289.607,0,,,,,Tuberculosis could be wiped if we treated it with the same strategy in poor countries as we do in healthy countries.,Yes,4,5,3,5.583,43.217,45.026,6,Control,27188
2018-12-02 19:22:54,2018-12-02 19:25:25,IP Address,23.123.107.108,100,151,True,2018-12-02 19:25:25,R_12zLiIDOxjxgyad,,,,,29.6609039306640625,-82.58519744873046875,anonymous,EN,Female,,"united states, florida",Republican,,36-48,,,,,0,0,103.244,0,Tuberculosis could be wiped if we treated it with the same strategy in poor countries as we do in healthy countries.,Yes,5,5,5,5.799,20.333,21.012,5,Treatment,10388
2018-12-02 19:21:22,2018-12-02 19:25:37,IP Address,98.11.199.239,100,255,True,2018-12-02 19:25:37,R_3qerEQKYv6ETMKU,,,,,37.751007080078125,-97.82199859619140625,anonymous,EN,Male,,USA,Democratic,,49-59,193.314,193.314,204.83,1,,,,,Tuberculosis could be wiped if we treated it with the same strategy in poor countries as we do in healthy countries.,Maybe,4,4,4,3.645,18.252,19.689,5,Control,23446
2018-12-02 19:20:36,2018-12-02 19:26:07,IP Address,68.224.69.208,100,331,True,2018-12-02 19:26:08,R_3QXZFBbISArFJZH,,,,,35.9958953857421875,-115.15760040283203125,anonymous,EN,Female,,USA NEVADA,Republican,,36-48,7.24,266.46,268.871,6,,,,,Tuberculosis could be wiped if we treated it with the same strategy in poor countries as we do in healthy countries.,Maybe,5,5,5,5.022,29.246,30.414,7,Control,30028
2018-12-02 19:21:20,2018-12-02 19:26:49,IP Address,98.219.165.145,100,329,True,2018-12-02 19:26:49,R_3IcRflOzUY5CWtg,,,,,39.6493988037109375,-78.93060302734375,anonymous,EN,Female,,"Maryland, United States",Democratic,,26-35,51.266,258.149,259.033,6,,,,,Tuberculosis could be wiped if we treated it with the same strategy in poor countries as we do in healthy countries.,Yes,5,5,4,5.5,19.003,19.661,13,Control,42675
2018-12-02 19:19:38,2018-12-02 19:26:53,IP Address,24.96.234.72,100,435,True,2018-12-02 19:26:53,R_1dK9ww9GmpDLSbP,,,,,28.0283966064453125,-82.7794036865234375,anonymous,EN,Female,,"Florida, US",Republican,,36-48,,,,,0,0,295.438,0,Tuberculosis could be wiped if we treated it with the same strategy in poor countries as we do in healthy countries.,Maybe,3,3,3,3.992,22.888,23.7,6,Treatment,98582
2018-12-02 19:22:56,2018-12-02 19:27:16,IP Address,98.144.17.196,100,259,True,2018-12-02 19:27:16,R_em7cXihqDu3Rdjb,,,,,42.9821929931640625,-88.09459686279296875,anonymous,EN,Female,,"United States, Wisconsin",Democratic,,26-35,0,0,188.387,0,,,,,Tuberculosis could be wiped if we treated it with the same strategy in poor countries as we do in healthy countries.,Yes,5,5,4,5.517,33.678,34.282,7,Control,20134
2018-12-02 19:25:28,2018-12-02 19:27:42,IP Address,98.183.187.101,100,133,True,2018-12-02 19:27:42,R_2DUmQdDGoeQGHSC,,,,,36.7978057861328125,-76.1759033203125,anonymous,EN,Male,,united states,Independent,,26-35,52.15,74.518,74.783,8,,,,,Tuberculosis could be wiped if we treated it with the same strategy in poor countries as we do in healthy countries.,Yes,4,4,5,5.226,22.886,23.386,9,Control,72263
2018-12-02 19:24:40,2018-12-02 19:27:56,IP Address,173.90.75.177,100,196,True,2018-12-02 19:27:57,R_10u41LJrOsIJ2o3,,,,,40.7989044189453125,-81.3784027099609375,anonymous,EN,Male,,usa ohio,Republican,,59 or older,0,0,113.46,0,,,,,Tuberculosis could be wiped if we treated it with the same strategy in poor countries as we do in healthy countries.,Yes,4,4,1,4.869,18.533,19.582,5,Control,70637
2018-12-02 19:24:28,2018-12-02 19:28:28,IP Address,71.194.123.244,100,240,True,2018-12-02 19:28:29,R_7aq1FwPQWWuTVp7,,,,,41.979400634765625,-88.206298828125,anonymous,EN,Female,,"IL, USA",Republican,,49-59,,,,,144.078,144.078,152.128,1,Tuberculosis could be wiped if we treated it with the same strategy in poor countries as we do in healthy countries.,Yes,5,4,3,3.294,45.512,46.725,9,Treatment,60090
2018-12-02 19:14:55,2018-12-02 19:28:51,IP Address,104.48.165.182,100,836,True,2018-12-02 19:28:51,R_2QneHpeZN2WbMZq,,,,,40.9636993408203125,-81.4210968017578125,anonymous,EN,Male,,"United States of America, Ohio",Independent,,49-59,,,,,113.7,723.534,724.719,23,Tuberculosis could be wiped if we treated it with the same strategy in poor countries as we do in healthy countries.,Yes,5,4,4,18.333,38.981,41.071,7,Treatment,91561
2018-12-02 19:27:50,2018-12-02 19:30:21,IP Address,104.227.92.91,100,150,True,2018-12-02 19:30:22,R_3EQODwLg25NiSz1,,,,,35.22900390625,-80.8419036865234375,anonymous,EN,Male,,ALABAMA,Republican,,26-35,,,,,16.663,17.567,29.957,2,There is a single global strategy for tuberculosis treatment worldwide,Maybe,4,4,5,42.807,57.317,59.294,6,Treatment,25544
2018-12-02 19:27:52,2018-12-02 19:30:47,IP Address,76.255.206.84,100,174,True,2018-12-02 19:30:47,R_UhcjcgIQmt7Akwx,,,,,41.892303466796875,-87.637298583984375,anonymous,EN,Female,,United States Illinois,Independent,,26-35,0,0,122.68,0,,,,,Tuberculosis could be wiped if we treated it with the same strategy in poor countries as we do in healthy countries.,Maybe,3,3,3,5.638,27.04,28.27,5,Control,79106
2018-12-02 19:26:46,2018-12-02 19:30:57,IP Address,128.163.237.104,100,251,True,2018-12-02 19:30:58,R_0xmUYzv9Xk7t3JD,,,,,38.0287017822265625,-84.50749969482421875,anonymous,EN,Male,,"United States, Kentucky",Independent,,26-35,,,,,2.237,81.842,83.421,93,Tuberculosis could be wiped if we treated it with the same strategy in poor countries as we do in healthy countries.,Maybe,3,5,4,57.785,88.271,108.128,48,Treatment,56920
2018-12-02 19:21:07,2018-12-02 19:31:01,IP Address,174.85.60.163,100,594,True,2018-12-02 19:31:02,R_3IT5WTopkG5PzQY,,,,,34.2216949462890625,-118.20510101318359375,anonymous,EN,Female,,CA,Independent,,59 or older,,,,,12.926,428.105,432.212,15,Tuberculosis could be wiped if we treated it with the same strategy in poor countries as we do in healthy countries.,Yes,5,5,5,14.375,102.566,106.278,15,Treatment,70033
2018-12-02 19:28:28,2018-12-02 19:33:02,IP Address,75.118.6.234,100,273,True,2018-12-02 19:33:03,R_30diIZxciZh6UIo,,,,,40.032196044921875,-83.13829803466796875,anonymous,EN,Male,,USA,Republican,,59 or older,,,,,0,0,213.53,0,Tuberculosis could be wiped if we treated it with the same strategy in poor countries as we do in healthy countries.,Yes,5,5,2,10.899,28.335,30.257,5,Treatment,18746
2018-12-02 19:29:40,2018-12-02 19:34:36,IP Address,174.70.47.240,100,295,True,2018-12-02 19:34:36,R_27f13UzvltBOpB5,,,,,41.2075042724609375,-96.1147003173828125,anonymous,EN,Male,,"USA, Nebraska",Independent,,26-35,0,0,230.561,0,,,,,Tuberculosis could be wiped if we treated it with the same strategy in poor countries as we do in healthy countries.,Maybe,4,4,1,7.885,32.629,33.34,5,Control,14367
2018-12-02 19:18:54,2018-12-02 19:35:01,IP Address,76.208.44.104,100,966,True,2018-12-02 19:35:01,R_116kUi0RuoNMo50,,,,,37.751007080078125,-97.82199859619140625,anonymous,EN,Male,,"USA, Kentucky. ",Democratic,,26-35,649.073,817.939,858.067,4,,,,,Tuberculosis could be wiped if we treated it with the same strategy in poor countries as we do in healthy countries.,Yes,4,5,4,4.77,56.671,57.767,12,Control,85607
2018-12-02 19:31:55,2018-12-02 19:36:31,IP Address,108.20.149.84,100,275,True,2018-12-02 19:36:31,R_2qw9AtDPW6GSbsY,,,,,42.2798004150390625,-71.25009918212890625,anonymous,EN,Female,,"USA, MA",Democratic,,26-35,,,,,0,0,177.28,0,Tuberculosis could be wiped if we treated it with the same strategy in poor countries as we do in healthy countries.,Yes,4,4,2,30.368,65.349,66.988,6,Treatment,88056
2018-12-02 19:21:08,2018-12-02 19:37:33,IP Address,139.55.47.181,100,984,True,2018-12-02 19:37:33,R_31gCLNusaFmzw7Y,,,,,37.2982940673828125,-83.19120025634765625,anonymous,EN,Male,,"United States, Kentucky",Independent,,26-35,,,,,388.338,388.338,735.421,1,Tuberculosis could be wiped if we treated it with the same strategy in poor countries as we do in healthy countries.,Maybe,3,4,4,42.191,60.219,61.362,5,Treatment,23796
2018-12-02 19:32:21,2018-12-02 19:38:59,IP Address,107.199.18.206,100,398,True,2018-12-02 19:38:59,R_3eyNnund0vh4JBT,,,,,30.893096923828125,-83.32779693603515625,anonymous,EN,Female,,"USA, Georgia",Republican,,26-35,7.784,268.155,268.564,4,,,,,Tuberculosis could be wiped if we treated it with the same strategy in poor countries as we do in healthy countries.,Maybe,4,3,3,6.256,70.118,84.298,6,Control,14557
2018-12-02 19:32:48,2018-12-02 19:40:12,IP Address,24.3.147.179,100,443,True,2018-12-02 19:40:12,R_wLsRU7s6PlS3IlP,,,,,40.5048065185546875,-79.9138031005859375,anonymous,EN,Male,,"United States of America, Pennsylvania",Republican,,26-35,3.978,364.576,386.153,8,,,,,Tuberculosis could be wiped if we treated it with the same strategy in poor countries as we do in healthy countries.,Yes,5,4,4,3.521,23.5,24.171,15,Control,47254
2018-12-02 18:54:52,2018-12-02 18:56:52,IP Address,74.65.52.160,38,120,False,2018-12-02 20:12:03,R_vGJoixsK6E4QpVf,,,,,,,anonymous,EN,Male,,"UNITED STATES, NY",Republican,,49-59,,,,,,,,,,,,,,,,,,Control,
2018-12-02 18:53:31,2018-12-02 18:54:25,IP Address,99.61.181.109,38,54,False,2018-12-02 20:12:09,R_3qDUxBIuygV69Kv,,,,,,,anonymous,EN,Female,,United States Texas,Republican,,49-59,,,,,,,,,,,,,,,,,,Control,
2018-12-02 19:04:52,2018-12-02 19:06:31,IP Address,73.213.227.58,50,99,False,2018-12-02 20:12:09,R_3oGZm39b9R0Gxzu,,,,,,,anonymous,EN,Male,,"United States, Maryland",Independent,,26-35,,,,,,,,,,,,,,,,,,Treatment,
2018-12-02 19:05:21,2018-12-02 19:06:09,IP Address,24.45.130.187,63,48,False,2018-12-02 20:12:10,R_3Js0zfYOGOxFWss,,,,,,,anonymous,EN,Female,,"USA, CT",Independent,,18-24,,,,,0,0,24.036,0,,,,,,,,,,Treatment,
2018-12-02 19:08:11,2018-12-02 19:09:59,IP Address,107.77.197.49,63,108,False,2018-12-02 20:12:10,R_2tyga6whR9O8HWV,,,,,,,anonymous,EN,Female,,"United States, Texas ",Democratic,,18-24,,,,,1.498,3.771,4.644,2,,,,,,,,,,Treatment,
2018-12-02 19:12:23,2018-12-02 19:15:05,IP Address,71.94.243.232,38,161,False,2018-12-02 20:12:10,R_3m8huQfVMhJY36J,,,,,,,anonymous,EN,Female,,USA Oregon,Democratic,,36-48,,,,,,,,,,,,,,,,,,Control,
2018-12-02 19:07:23,2018-12-02 19:22:00,IP Address,107.140.191.176,63,877,False,2018-12-02 20:12:10,R_7Vyp4LqwBFMRXkB,,,,,,,anonymous,EN,Female,,"US, TX",Republican,,36-48,3.499,362.497,363.325,3,,,,,,,,,,,,,,Control,
2018-12-02 18:54:49,2018-12-02 18:55:36,IP Address,73.192.133.172,63,46,False,2018-12-02 20:12:10,R_2BnYQSElVxw1UQu,,,,,,,anonymous,EN,Male,,"california, usa",Democratic,,26-35,,,,,0,0,2.327,0,,,,,,,,,,Treatment,
2018-12-02 18:59:02,2018-12-02 18:59:52,IP Address,99.173.183.125,63,50,False,2018-12-02 20:12:10,R_1kNc9bsOgqs2vXO,,,,,,,anonymous,EN,Female,,USA and TN,Republican,,26-35,0,0,3.839,0,,,,,,,,,,,,,,Control,
2018-12-02 18:58:52,2018-12-02 19:07:12,IP Address,107.140.191.176,63,500,False,2018-12-02 20:12:10,R_3IWIqTKQK7mcGtj,,,,,,,anonymous,EN,Female,,"USA, TX",Republican,,36-48,,,,,411.755,411.755,414.152,1,,,,,,,,,,Treatment,
2018-12-02 18:54:09,2018-12-02 19:01:10,IP Address,68.47.84.142,50,420,False,2018-12-02 20:12:11,R_2ruxoRrH8Uy05cU,,,,,,,anonymous,EN,Male,,"USA, Minnesota",Democratic,,26-35,,,,,,,,,,,,,,,,,,Treatment,
2018-12-02 18:56:22,2018-12-02 19:00:58,IP Address,49.207.184.148,50,275,False,2018-12-02 20:12:11,R_3dWikz1biDtsfRt,,,,,,,anonymous,EN,Male,,USA,Republican,,26-35,,,,,,,,,,,,,,,,,,Treatment,
2018-12-02 19:09:01,2018-12-02 19:11:44,IP Address,73.41.105.185,38,163,False,2018-12-02 20:12:11,R_1lt1Xn6fpl9dzSB,,,,,,,anonymous,EN,Female,,"California, USA",Democratic,,26-35,,,,,,,,,,,,,,,,,,Control,
2018-12-02 19:06:43,2018-12-02 19:12:08,IP Address,75.69.59.9,38,324,False,2018-12-02 20:12:11,R_3Nx4lUy2UaMXO6r,,,,,,,anonymous,EN,Male,,"Massachusetts, USA",Independent,,26-35,,,,,,,,,,,,,,,,,,Control,
2018-12-02 19:20:13,2018-12-02 19:32:36,IP Address,24.3.147.179,50,743,False,2018-12-02 20:12:11,R_26rxMljy0JAaIi5,,,,,,,anonymous,EN,Male,,"United States of America, Pennsylvania",Republican,,26-35,,,,,,,,,,,,,,,,,,Treatment,
2018-12-02 18:56:51,2018-12-02 18:57:51,IP Address,76.242.127.32,50,60,False,2018-12-02 20:12:24,R_2ePbC1q48zgOoI6,,,,,,,anonymous,EN,Male,,usa kentucky,Democratic,,26-35,,,,,,,,,,,,,,,,,,Treatment,
2018-12-02 19:05:30,2018-12-02 19:06:36,IP Address,96.32.30.254,50,66,False,2018-12-02 20:12:24,R_1hMc9QDcIlCXPan,,,,,,,anonymous,EN,Female,,usa,Republican,,26-35,,,,,,,,,,,,,,,,,,Treatment,
2018-12-02 19:18:59,2018-12-02 19:19:39,IP Address,71.50.52.113,50,39,False,2018-12-02 20:12:24,R_w0gUTVKNYQIu7Hb,,,,,,,anonymous,EN,Male,,"USA, PA",Independent,,26-35,,,,,,,,,,,,,,,,,,Treatment,
2018-12-02 18:55:59,2018-12-02 19:18:24,IP Address,67.164.179.247,50,1345,False,2018-12-02 20:12:26,R_2z7lfNXRZaqOz0z,,,,,,,anonymous,EN,Male,,"United States of America, Colorado",Democratic,,26-35,,,,,,,,,,,,,,,,,,Treatment,
2018-12-02 19:02:00,2018-12-02 19:02:25,IP Address,73.246.98.161,38,24,False,2018-12-02 20:12:27,R_1fjcByasdF8amIo,,,,,,,anonymous,EN,Male,,"USA, ILLINOIS ",Independent,,36-48,,,,,,,,,,,,,,,,,,Control,
