StartDate,EndDate,Status,IPAddress,Progress,Duration (in seconds),Finished,RecordedDate,ResponseId,RecipientLastName,RecipientFirstName,RecipientEmail,ExternalReference,LocationLatitude,LocationLongitude,DistributionChannel,UserLanguage,Q1,Q1_4_TEXT,Q2,Q3,Q3_4_TEXT,Q4,QT1_First Click,QT1_Last Click,QT1_Page Submit,QT1_Click Count,QT1_First Click,QT1_Last Click,QT1_Page Submit,QT1_Click Count,Q7,Q8,Q9_1,Q10_1,Q11_1,QT2_First Click,QT2_Last Click,QT2_Page Submit,QT2_Click Count,Group,mTurkCode
Start Date,End Date,Response Type,IP Address,Progress,Duration (in seconds),Finished,Recorded Date,Response ID,Recipient Last Name,Recipient First Name,Recipient Email,External Data Reference,Location Latitude,Location Longitude,Distribution Channel,User Language,"Sex:

Please specify what gender you identify with. - Selected Choice","Sex:

Please specify what gender you identify with. - Other - Text","Location:

Please provide country and state of residence.","Political Identification:

Please tell us which American political party you identify with. - Selected Choice","Political Identification:

Please tell us which American political party you identify with. - Other - Text","Age Brackets:

Please let us know which bracket you are in.",Timing - First Click,Timing - Last Click,Timing - Page Submit,Timing - Click Count,Timing - First Click,Timing - Last Click,Timing - Page Submit,Timing - Click Count,What did you think was the point of the article?,Was the article factual?,How would you grade the articles effectiveness with arguing for Anti-TB initiatives?,How likely are you to support Anti-TB initiatives given the chance after reading the article?,How likely are you to recommend or share this article with others?,Timing - First Click,Timing - Last Click,Timing - Page Submit,Timing - Click Count,Group,mTurkCode
"{""ImportId"":""startDate"",""timeZone"":""America/Denver""}","{""ImportId"":""endDate"",""timeZone"":""America/Denver""}","{""ImportId"":""status""}","{""ImportId"":""ipAddress""}","{""ImportId"":""progress""}","{""ImportId"":""duration""}","{""ImportId"":""finished""}","{""ImportId"":""recordedDate"",""timeZone"":""America/Denver""}","{""ImportId"":""_recordId""}","{""ImportId"":""recipientLastName""}","{""ImportId"":""recipientFirstName""}","{""ImportId"":""recipientEmail""}","{""ImportId"":""externalDataReference""}","{""ImportId"":""locationLatitude""}","{""ImportId"":""locationLongitude""}","{""ImportId"":""distributionChannel""}","{""ImportId"":""userLanguage""}","{""ImportId"":""QID2""}","{""ImportId"":""QID2_4_TEXT""}","{""ImportId"":""QID4_TEXT""}","{""ImportId"":""QID5""}","{""ImportId"":""QID5_4_TEXT""}","{""ImportId"":""QID6""}","{""ImportId"":""QID21_FIRST_CLICK""}","{""ImportId"":""QID21_LAST_CLICK""}","{""ImportId"":""QID21_PAGE_SUBMIT""}","{""ImportId"":""QID21_CLICK_COUNT""}","{""ImportId"":""QID20_FIRST_CLICK""}","{""ImportId"":""QID20_LAST_CLICK""}","{""ImportId"":""QID20_PAGE_SUBMIT""}","{""ImportId"":""QID20_CLICK_COUNT""}","{""ImportId"":""QID17""}","{""ImportId"":""QID16""}","{""ImportId"":""QID12_11""}","{""ImportId"":""QID13_1""}","{""ImportId"":""QID14_4""}","{""ImportId"":""QID19_FIRST_CLICK""}","{""ImportId"":""QID19_LAST_CLICK""}","{""ImportId"":""QID19_PAGE_SUBMIT""}","{""ImportId"":""QID19_CLICK_COUNT""}","{""ImportId"":""Group""}","{""ImportId"":""mTurkCode""}"
12/1/2018 15:02,12/1/2018 15:07,IP Address,75.158.122.222,100,344,TRUE,12/1/2018 15:07,R_1OMN64DWGDdi5Av,,,,,52.24240112,-113.7783966,anonymous,EN,Female,,"Alberta, Canada",Other,Conservative,18-24,,,,,1.088,175.364,270.439,2,Tuberculosis could be wiped if we treated it with the same strategy in poor countries as we do in healthy countries.,Maybe,5,3,3,6.158,23.863,24.71,9,Treatment,59008
12/1/2018 15:45,12/1/2018 15:48,IP Address,24.222.70.88,100,164,TRUE,12/1/2018 15:48,R_1OV1niF4OGF0bvb,,,,,43.70269775,-65.78829956,anonymous,EN,Male,,"Canada, NS",Democratic,,26-35,13.358,43.471,43.926,12,,,,,Tuberculosis could be wiped if we treated it with the same strategy in poor countries as we do in healthy countries.,Maybe,4,4,4,4.458,91.278,91.556,11,Control,45226
12/1/2018 15:49,12/1/2018 15:55,IP Address,75.159.153.61,100,333,TRUE,12/1/2018 15:55,R_3HOJ7VMPGi6jAvN,,,,,51.06210327,-114.1158981,anonymous,EN,Male,,"canada, alberta",Republican,,26-35,91.936,183.482,232.487,14,,,,,Tuberculosis could be wiped if we treated it with the same strategy in poor countries as we do in healthy countries.,Maybe,4,4,1,7.293,66.978,68.913,6,Control,63179
12/1/2018 15:52,12/1/2018 15:57,IP Address,172.103.165.71,100,306,TRUE,12/1/2018 15:57,R_VU63N0qo083XOy5,,,,,49.29899597,-123.1408005,anonymous,EN,Female,,MONTANA,Independent,,59 or older,,,,,0,0,195.097,0,Tuberculosis is no longer a health issue.,Yes,4,4,5,42.214,71.262,72.131,6,Treatment,74228
12/1/2018 16:09,12/1/2018 16:11,IP Address,72.39.167.147,100,107,TRUE,12/1/2018 16:11,R_WqTsA4aN0r1Fykp,,,,,42.88330078,-82.15000153,anonymous,EN,Male,,Canada,Republican,,18-24,,,,,0,0,4.253,0,Tuberculosis could be wiped if we treated it with the same strategy in poor countries as we do in healthy countries.,Maybe,4,4,5,9.21,46.299,47.233,9,Treatment,16234
12/1/2018 16:20,12/1/2018 16:21,IP Address,98.198.128.88,100,57,TRUE,12/1/2018 16:21,R_2TnsrN7mav954wB,,,,,29.71490479,-95.2818985,anonymous,EN,Female,,usa,Democratic,,36-48,0,0,7.939,0,,,,,There is a single global strategy for tuberculosis treatment worldwide,Maybe,3,3,3,9.754,19.145,19.964,6,Control,75580
12/1/2018 16:20,12/1/2018 16:22,IP Address,23.94.195.64,100,70,TRUE,12/1/2018 16:22,R_3EArgn7vQfMQ9V3,,,,,42.00759888,-87.99310303,anonymous,EN,Female,,america,Democratic,,26-35,,,,,0,0,4.207,0,Tuberculosis is no longer a health issue.,Yes,4,5,4,4.536,15.008,18.976,3,Treatment,83816
12/1/2018 16:20,12/1/2018 16:22,IP Address,206.214.67.92,100,65,TRUE,12/1/2018 16:22,R_3iwAfnMS3uxaaQP,,,,,36.12339783,-115.1428986,anonymous,EN,Male,,USA,Democratic,,49-59,0,0,8.385,0,,,,,Tuberculosis could be wiped if we treated it with the same strategy in poor countries as we do in healthy countries.,Yes,4,2,3,6.164,13.216,14.394,5,Control,96690
12/1/2018 16:20,12/1/2018 16:22,IP Address,196.17.64.7,100,80,TRUE,12/1/2018 16:22,R_1gIr4CDBbirlFSb,,,,,34.05439758,-118.2440033,anonymous,EN,Male,,United States,Republican,,26-35,0,0,2.128,0,,,,,Tuberculosis could be wiped if we treated it with the same strategy in poor countries as we do in healthy countries.,No,4,3,4,9.588,14.188,15.558,6,Control,66611
12/1/2018 16:20,12/1/2018 16:22,IP Address,38.132.117.195,100,99,TRUE,12/1/2018 16:22,R_3jUJak1SPlLNUUu,,,,,37.75100708,-97.8219986,anonymous,EN,Male,,Texas,Republican,,26-35,0,0,13.518,0,,,,,Tuberculosis is no longer a health issue.,Yes,4,3,4,0,0,7.846,0,Control,58616
12/1/2018 16:20,12/1/2018 16:22,IP Address,209.135.132.136,100,118,TRUE,12/1/2018 16:22,R_1kY50eQ5mywxabN,,,,,37.75100708,-97.8219986,anonymous,EN,Female,,USA Missouri,Republican,,26-35,,,,,10.392,12.85,14.214,3,Tuberculosis could be wiped if we treated it with the same strategy in poor countries as we do in healthy countries.,Yes,4,3,5,5.088,52.28,54.646,7,Treatment,80103
12/1/2018 16:21,12/1/2018 16:22,IP Address,24.146.131.64,100,67,TRUE,12/1/2018 16:22,R_1ltpnH2OYVa0SWt,,,,,40.94610596,-73.86689758,anonymous,EN,Male,,"Georgia, USA",Republican,,26-35,,,,,0.414,9.131,9.685,6,Tuberculosis could be wiped if we treated it with the same strategy in poor countries as we do in healthy countries.,Maybe,4,3,4,0.521,33.352,33.942,23,Treatment,53874
12/1/2018 16:21,12/1/2018 16:22,IP Address,198.12.82.237,100,78,TRUE,12/1/2018 16:22,R_2DNQFYoM4PWuoLB,,,,,42.88639832,-78.87809753,anonymous,EN,Male,,usa & nj,Republican,,26-35,0,0,4.468,0,,,,,Tuberculosis could be wiped if we treated it with the same strategy in poor countries as we do in healthy countries.,Yes,3,4,4,1.261,10.537,11.017,6,Control,59515
12/1/2018 16:21,12/1/2018 16:23,IP Address,104.168.158.197,100,90,TRUE,12/1/2018 16:23,R_32YfgFrt4KfCOBq,,,,,47.48890686,-122.3012009,anonymous,EN,Male,,AMERICA ,Republican,,18-24,0,0,4.093,0,,,,,Tuberculosis is no longer a health issue.,Yes,4,3,5,8.752,29.993,31.361,6,Control,84345
12/1/2018 16:20,12/1/2018 16:23,IP Address,104.37.31.142,100,135,TRUE,12/1/2018 16:23,R_805rC0ZKF43y61H,,,,,37.75100708,-97.8219986,anonymous,EN,Female,,"United States of America, Georgia",Republican,,26-35,17.233,17.233,26.085,1,,,,,Tuberculosis could be wiped if we treated it with the same strategy in poor countries as we do in healthy countries.,Maybe,4,3,4,31.266,40.371,44.318,5,Control,50608
12/1/2018 16:21,12/1/2018 16:23,IP Address,76.232.16.97,100,88,TRUE,12/1/2018 16:23,R_1DUXcuA7I4DDaH1,,,,,41.92320251,-87.8184967,anonymous,EN,Female,,United States Illinois,Independent,,49-59,,,,,26.775,26.775,27.965,1,Tuberculosis could be wiped if we treated it with the same strategy in poor countries as we do in healthy countries.,Yes,5,5,5,3.268,19.257,19.888,12,Treatment,20847
12/1/2018 16:20,12/1/2018 16:23,IP Address,184.90.247.11,100,170,TRUE,12/1/2018 16:23,R_1gnBllOWbfBOKvH,,,,,28.50059509,-81.53540039,anonymous,EN,Male,,"USA, FL",Republican,,26-35,,,,,16.176,104.252,114.779,30,Tuberculosis could be wiped if we treated it with the same strategy in poor countries as we do in healthy countries.,Yes,5,5,5,13.43,23.02,23.867,15,Treatment,98617
12/1/2018 16:22,12/1/2018 16:23,IP Address,96.241.40.159,100,83,TRUE,12/1/2018 16:23,R_2t3S1qm9OS2ZRSF,,,,,39.27609253,-77.21309662,anonymous,EN,Male,,"USA, Maryland",Democratic,,26-35,0,0,26.47,0,,,,,Tuberculosis could be wiped if we treated it with the same strategy in poor countries as we do in healthy countries.,Yes,5,5,5,5.402,14.783,15.105,7,Control,57262
12/1/2018 16:21,12/1/2018 16:23,IP Address,97.120.140.53,100,141,TRUE,12/1/2018 16:23,R_4MIjLPs6XnBGYPT,,,,,45.53729248,-122.5987015,anonymous,EN,Male,,oregon usa,Republican,,59 or older,,,,,0,0,64.792,0,Tuberculosis could be wiped if we treated it with the same strategy in poor countries as we do in healthy countries.,Maybe,3,4,4,13.076,32.412,34.459,5,Treatment,46011
12/1/2018 16:23,12/1/2018 16:23,IP Address,98.28.128.12,100,39,TRUE,12/1/2018 16:23,R_2wiNRApBLrDCk80,,,,,39.24450684,-84.25879669,anonymous,EN,Male,,USA,Democratic,,26-35,6.139,6.139,7.175,1,,,,,Tuberculosis could be wiped if we treated it with the same strategy in poor countries as we do in healthy countries.,Yes,4,5,5,2.776,11.766,12.615,7,Control,30806
12/1/2018 16:21,12/1/2018 16:24,IP Address,73.54.175.209,100,142,TRUE,12/1/2018 16:24,R_1mVEOznQPs1Uuel,,,,,33.89720154,-84.59200287,anonymous,EN,Female,,USA Georgia,Democratic,,36-48,13.609,13.609,70.167,1,,,,,Tuberculosis could be wiped if we treated it with the same strategy in poor countries as we do in healthy countries.,Yes,5,5,1,3.881,15.129,16.324,5,Control,26232
12/1/2018 16:20,12/1/2018 16:24,IP Address,67.246.179.204,100,218,TRUE,12/1/2018 16:24,R_1fjhJw8w45YjZ1G,,,,,43.01829529,-78.95909882,anonymous,EN,Male,,United States / New York,Independent,,26-35,0,0,147.147,0,,,,,Tuberculosis could be wiped if we treated it with the same strategy in poor countries as we do in healthy countries.,Yes,3,1,1,3.457,21.455,22.431,5,Control,46627
12/1/2018 16:22,12/1/2018 16:24,IP Address,174.26.84.101,100,89,TRUE,12/1/2018 16:24,R_1ilcj7x6Xb0xAKa,,,,,33.50819397,-112.1010971,anonymous,EN,Male,,"USA, CA",Democratic,,18-24,0,0,49.898,0,,,,,Tuberculosis could be wiped if we treated it with the same strategy in poor countries as we do in healthy countries.,Yes,5,5,3,3.001,17.537,18.628,6,Control,14240
12/1/2018 16:21,12/1/2018 16:24,IP Address,67.169.12.232,100,192,TRUE,12/1/2018 16:24,R_3e136Pm1IoUlSdb,,,,,37.8927002,-122.2761002,anonymous,EN,Female,,"California, USA",Democratic,,18-24,,,,,0,0,153.751,0,Tuberculosis could be wiped if we treated it with the same strategy in poor countries as we do in healthy countries.,Yes,4,4,3,1.95,10.243,18.468,6,Treatment,52953
12/1/2018 16:23,12/1/2018 16:24,IP Address,68.52.56.99,100,74,TRUE,12/1/2018 16:24,R_YXldPPH0OGYkcMN,,,,,37.68479919,-85.87840271,anonymous,EN,Male,,"Kentucky, United States",Democratic,,26-35,,,,,0,0,2.983,0,Tuberculosis could be wiped if we treated it with the same strategy in poor countries as we do in healthy countries.,Yes,5,4,3,5.472,12.976,13.854,7,Treatment,31350
12/1/2018 16:21,12/1/2018 16:24,IP Address,72.24.11.50,100,217,TRUE,12/1/2018 16:24,R_3ndWd54o3v9zNZa,,,,,34.59170532,-112.4264984,anonymous,EN,Male,,"Arizona, United States",Democratic,,18-24,,,,,0,0,100.202,0,Tuberculosis could be wiped if we treated it with the same strategy in poor countries as we do in healthy countries.,Yes,4,4,3,9.708,67.431,69.019,5,Treatment,22310
12/1/2018 16:22,12/1/2018 16:25,IP Address,97.73.96.153,100,124,TRUE,12/1/2018 16:25,R_Oke1Rx2p2AQCMtb,,,,,37.75100708,-97.8219986,anonymous,EN,Female,,"United States of America, Maine",Independent,,18-24,,,,,9.45,12.65,13.95,4,Tuberculosis could be wiped if we treated it with the same strategy in poor countries as we do in healthy countries.,Maybe,3,5,3,50.854,63.926,65.62,7,Treatment,24731
12/1/2018 16:21,12/1/2018 16:25,IP Address,68.204.211.148,100,206,TRUE,12/1/2018 16:25,R_1FrigjS6PftJL5m,,,,,28.59779358,-81.35340118,anonymous,EN,Female,,"Florida, USA",Democratic,,49-59,0,0,138.137,0,,,,,Tuberculosis could be wiped if we treated it with the same strategy in poor countries as we do in healthy countries.,Maybe,4,4,3,5.796,28.151,29.735,5,Control,83795
12/1/2018 16:21,12/1/2018 16:25,IP Address,50.82.73.224,100,205,TRUE,12/1/2018 16:25,R_29s8eIjcJ9fgptQ,,,,,37.16540527,-93.25219727,anonymous,EN,Male,,"Missouri, USA",Independent,,36-48,3.975,6.184,170.748,3,,,,,Tuberculosis could be wiped if we treated it with the same strategy in poor countries as we do in healthy countries.,Yes,4,4,3,3.638,13.333,13.905,5,Control,10950
12/1/2018 16:21,12/1/2018 16:25,IP Address,73.189.17.48,100,238,TRUE,12/1/2018 16:25,R_3fj8uGNk16xNoBY,,,,,37.30659485,-122.0001984,anonymous,EN,Male,,"USA, California",Independent,,26-35,,,,,0,0,191.35,0,Tuberculosis could be wiped if we treated it with the same strategy in poor countries as we do in healthy countries.,Yes,3,4,2,7.414,21.758,22.438,7,Treatment,87541
12/1/2018 16:23,12/1/2018 16:25,IP Address,142.11.209.13,100,102,TRUE,12/1/2018 16:25,R_3n90kbUjZ0Xx4fJ,,,,,47.48890686,-122.3012009,anonymous,EN,Male,,usa,Republican,,18-24,,,,,0,0,4.056,0,Tuberculosis is no longer a health issue.,Yes,4,3,5,1.693,13.761,24.995,7,Treatment,37973
12/1/2018 16:22,12/1/2018 16:25,IP Address,104.54.93.105,100,175,TRUE,12/1/2018 16:25,R_25TUuEmxayBXTdT,,,,,33.98710632,-118.3320999,anonymous,EN,Male,,usa california,Independent,,36-48,0,0,89.529,0,,,,,Tuberculosis could be wiped if we treated it with the same strategy in poor countries as we do in healthy countries.,Yes,5,5,5,4.382,19.809,20.801,5,Control,93220
12/1/2018 16:24,12/1/2018 16:25,IP Address,117.206.139.125,100,75,TRUE,12/1/2018 16:25,R_2CQv1xz45lQK1gJ,,,,,9.449996948,77.92001343,anonymous,EN,Male,,NY,Democratic,,26-35,0,0,6.891,0,,,,,Tuberculosis could be wiped if we treated it with the same strategy in poor countries as we do in healthy countries.,Maybe,3,4,3,4.286,15.69,17.123,8,Control,85829
12/1/2018 16:24,12/1/2018 16:25,IP Address,86.141.92.195,100,90,TRUE,12/1/2018 16:25,R_SVMA2fGBJ8Q2mxr,,,,,51.51759338,-0.161193848,anonymous,EN,Male,,USA NY,Independent,,36-48,0,0,47.715,0,,,,,Tuberculosis could be wiped if we treated it with the same strategy in poor countries as we do in healthy countries.,Yes,5,5,5,5.41,15.341,16.42,5,Control,13901
12/1/2018 16:22,12/1/2018 16:25,IP Address,68.0.238.45,100,171,TRUE,12/1/2018 16:25,R_1OYSav47lrRot78,,,,,41.82060242,-71.44429779,anonymous,EN,Male,,"Rhode Island, USA",Independent,,26-35,,,,,3.413,21.639,93.127,2,Tuberculosis could be wiped if we treated it with the same strategy in poor countries as we do in healthy countries.,Yes,4,2,4,17.781,52.285,53.515,12,Treatment,57431
12/1/2018 16:24,12/1/2018 16:25,IP Address,173.21.103.66,100,53,TRUE,12/1/2018 16:25,R_6VeEWlvEeubGlot,,,,,30.6473999,-88.22920227,anonymous,EN,Male,,"USA, AL",Democratic,,26-35,5.484,6.451,8.546,2,,,,,There is a single global strategy for tuberculosis treatment worldwide,Yes,2,1,5,10.296,22.361,22.783,6,Control,47217
12/1/2018 16:22,12/1/2018 16:25,IP Address,73.143.57.179,100,203,TRUE,12/1/2018 16:25,R_3dTgiNBNcvtnnyV,,,,,41.49200439,-73.04930115,anonymous,EN,Male,,USA Connecticut,Democratic,,36-48,,,,,0,0,129.264,0,Tuberculosis could be wiped if we treated it with the same strategy in poor countries as we do in healthy countries.,Yes,4,4,4,11.577,40.883,42.059,5,Treatment,39570
12/1/2018 16:21,12/1/2018 16:25,IP Address,104.175.5.234,100,234,TRUE,12/1/2018 16:25,R_1P1bLFzCKcLPWXN,,,,,34.11560059,-118.3305054,anonymous,EN,Male,,USA California,Independent,,36-48,0,0,172.872,0,,,,,Tuberculosis could be wiped if we treated it with the same strategy in poor countries as we do in healthy countries.,Maybe,4,4,4,6.428,23.812,25.025,6,Control,82725
12/1/2018 16:22,12/1/2018 16:25,IP Address,99.61.181.109,100,229,TRUE,12/1/2018 16:25,R_2th4jWSpRanJTFe,,,,,30.01980591,-95.40869904,anonymous,EN,Female,,United States Texas,Republican,,49-59,,,,,0,0,163.745,0,Tuberculosis could be wiped if we treated it with the same strategy in poor countries as we do in healthy countries.,Yes,4,5,4,5.201,35.19,36.59,5,Treatment,61280
12/1/2018 16:24,12/1/2018 16:25,IP Address,173.44.48.51,100,77,TRUE,12/1/2018 16:25,R_1IKq5crBrDEVcn2,,,,,25.78059387,-80.18260193,anonymous,EN,Female,,US-FL,Democratic,,36-48,,,,,0,0,3.588,0,Tuberculosis could be wiped if we treated it with the same strategy in poor countries as we do in healthy countries.,Yes,4,3,5,1.245,12.94,13.33,7,Treatment,86968
12/1/2018 16:22,12/1/2018 16:25,IP Address,71.168.168.123,100,193,TRUE,12/1/2018 16:25,R_31ToEwpmLk2zlgm,,,,,40.14309692,-74.70320129,anonymous,EN,Female,,United States New Jersey,Republican,,36-48,,,,,40.905,88.196,89.643,4,Tuberculosis could be wiped if we treated it with the same strategy in poor countries as we do in healthy countries.,Maybe,3,2,4,14.404,37.673,39.465,7,Treatment,21275
12/1/2018 16:23,12/1/2018 16:26,IP Address,76.124.133.50,100,137,TRUE,12/1/2018 16:26,R_6sv7QHTNFUWAzvj,,,,,40.23779297,-75.29550171,anonymous,EN,Female,,USA PA,Democratic,,36-48,,,,,0,0,85.649,0,Tuberculosis could be wiped if we treated it with the same strategy in poor countries as we do in healthy countries.,Maybe,4,3,4,4.768,28.303,28.995,8,Treatment,44514
12/1/2018 16:21,12/1/2018 16:26,IP Address,75.163.114.202,100,294,TRUE,12/1/2018 16:26,R_OkUofPTRHftAiRP,,,,,41.24029541,-95.9980011,anonymous,EN,Female,,"USA, NE",Independent,,26-35,,,,,3.855,186.485,187.215,17,Tuberculosis could be wiped if we treated it with the same strategy in poor countries as we do in healthy countries.,Maybe,4,4,2,1.28,12.489,13.066,25,Treatment,86667
12/1/2018 16:20,12/1/2018 16:26,IP Address,172.58.56.244,100,326,TRUE,12/1/2018 16:26,R_3g0XDIc3najQDgP,,,,,39.73919678,-104.9847031,anonymous,EN,Male,,"Us, Colorado",Democratic,,26-35,1.408,238.41,239.413,51,,,,,Tuberculosis could be wiped if we treated it with the same strategy in poor countries as we do in healthy countries.,Maybe,4,4,4,5.424,25.786,26.3,19,Control,88721
12/1/2018 16:25,12/1/2018 16:26,IP Address,73.91.206.91,100,76,TRUE,12/1/2018 16:26,R_eg0bdGRsXHpksDL,,,,,35.25100708,-90.02960205,anonymous,EN,Male,,"USA, TN",Democratic,,26-35,1.851,1.851,2.778,1,,,,,There is a single global strategy for tuberculosis treatment worldwide,No,3,3,3,22.247,28.394,32.662,4,Control,79651
12/1/2018 16:22,12/1/2018 16:26,IP Address,96.245.234.196,100,243,TRUE,12/1/2018 16:26,R_1CClN2vP2g7Rd1d,,,,,40.60180664,-75.52249908,anonymous,EN,Female,,USA Pennsylvania,Republican,,36-48,0,0,173.39,0,,,,,Tuberculosis could be wiped if we treated it with the same strategy in poor countries as we do in healthy countries.,Yes,4,5,4,5.49,28.306,29.661,5,Control,27844
12/1/2018 16:20,12/1/2018 16:26,IP Address,104.174.113.7,100,344,TRUE,12/1/2018 16:26,R_3CCL1BDRBYKjmak,,,,,34.00300598,-118.4297943,anonymous,EN,Female,,United States of America,Democratic,,26-35,,,,,61.695,61.695,257.256,1,Tuberculosis could be wiped if we treated it with the same strategy in poor countries as we do in healthy countries.,Yes,4,4,4,19.957,36.888,38.19,6,Treatment,99622
12/1/2018 16:22,12/1/2018 16:26,IP Address,96.54.206.117,100,233,TRUE,12/1/2018 16:26,R_3IPMrMgPkiMRiwr,,,,,49.6829071,-124.9360962,anonymous,EN,Female,,"Canada, British Columbia",Independent,,18-24,,,,,3.813,167.999,178.827,49,Tuberculosis could be wiped if we treated it with the same strategy in poor countries as we do in healthy countries.,Yes,4,3,4,8.377,24.219,24.849,23,Treatment,81095
12/1/2018 16:21,12/1/2018 16:26,IP Address,98.21.198.165,100,289,TRUE,12/1/2018 16:26,R_3dQcNuBhLAnhZiC,,,,,40.97019958,-76.90989685,anonymous,EN,Female,,"Pennsylvania, United States",Democratic,,36-48,,,,,2.558,171.863,189.982,8,Tuberculosis could be wiped if we treated it with the same strategy in poor countries as we do in healthy countries.,Maybe,4,5,2,4.58,56.897,58.191,10,Treatment,56623
12/1/2018 16:23,12/1/2018 16:26,IP Address,122.174.235.174,100,187,TRUE,12/1/2018 16:26,R_1K6EEpf7huP0n7y,,,,,13.08329773,80.28329468,anonymous,EN,Female,,"America,California",Democratic,,26-35,,,,,0,0,7.598,0,Tuberculosis could be wiped if we treated it with the same strategy in poor countries as we do in healthy countries.,Maybe,3,4,4,13.71,51.146,52.028,5,Treatment,19827
12/1/2018 16:23,12/1/2018 16:26,IP Address,104.38.152.47,100,186,TRUE,12/1/2018 16:26,R_50YV6qEnd02PaVz,,,,,40.79969788,-77.86229706,anonymous,EN,Female,,"NY, USA",Democratic,,26-35,0,0,140.941,0,,,,,Tuberculosis could be wiped if we treated it with the same strategy in poor countries as we do in healthy countries.,Yes,5,5,5,3.794,20.178,20.764,6,Control,30690
12/1/2018 16:22,12/1/2018 16:26,IP Address,71.50.52.113,100,268,TRUE,12/1/2018 16:26,R_20U1ZuzxSXj3tmq,,,,,39.79429626,-76.98120117,anonymous,EN,Male,,"USA, PA",Independent,,26-35,17.1,18.309,170.135,2,,,,,Tuberculosis could be wiped if we treated it with the same strategy in poor countries as we do in healthy countries.,Yes,4,1,3,5.749,63.75,65.155,10,Control,97497
12/1/2018 16:23,12/1/2018 16:26,IP Address,76.174.192.221,100,207,TRUE,12/1/2018 16:26,R_2bUc943fWAY8twI,,,,,34.11320496,-117.3771057,anonymous,EN,Male,,"United States, California",Independent,,26-35,,,,,3.715,3.997,152.19,2,Tuberculosis could be wiped if we treated it with the same strategy in poor countries as we do in healthy countries.,Maybe,4,4,4,5.886,30.051,33.698,9,Treatment,79783
12/1/2018 16:22,12/1/2018 16:27,IP Address,172.89.193.205,100,268,TRUE,12/1/2018 16:27,R_3RdwtbDLk1ojSKc,,,,,33.60209656,-117.2639999,anonymous,EN,Female,,"United states, CA",Democratic,,26-35,,,,,0.708,224.275,224.788,16,Tuberculosis could be wiped if we treated it with the same strategy in poor countries as we do in healthy countries.,Yes,5,1,5,2.565,19.381,19.982,9,Treatment,53601
12/1/2018 16:24,12/1/2018 16:27,IP Address,72.51.242.83,100,200,TRUE,12/1/2018 16:27,R_RDL3mTiVfIofBx7,,,,,36.26719666,-90.27020264,anonymous,EN,Female,,"UNITED STATES, KENNETT, MISSOURI",Independent,,26-35,95.619,95.619,96.026,1,,,,,Tuberculosis could be wiped if we treated it with the same strategy in poor countries as we do in healthy countries.,Yes,4,4,5,10.278,44.991,46.088,5,Control,82506
12/1/2018 16:23,12/1/2018 16:27,IP Address,66.168.224.37,100,259,TRUE,12/1/2018 16:27,R_3FKlG3qsJa315mH,,,,,34.58959961,-86.98870087,anonymous,EN,Female,,"ALABAMA, US",Republican,,49-59,,,,,52.857,145.471,165.631,3,Tuberculosis could be wiped if we treated it with the same strategy in poor countries as we do in healthy countries.,Yes,4,4,3,7.145,30.632,31.859,9,Treatment,82911
12/1/2018 16:23,12/1/2018 16:27,IP Address,71.33.133.186,100,270,TRUE,12/1/2018 16:27,R_R8GKID0DzTTj3FL,,,,,39.94689941,-105.2142029,anonymous,EN,Female,,United States Colorado,Democratic,,49-59,0,0,206.573,0,,,,,Tuberculosis could be wiped if we treated it with the same strategy in poor countries as we do in healthy countries.,Yes,5,5,5,11.967,30.871,31.471,5,Control,72318
12/1/2018 16:21,12/1/2018 16:27,IP Address,74.65.52.160,100,408,TRUE,12/1/2018 16:27,R_sTFLND8YbpqsfnP,,,,,43.23980713,-78.20680237,anonymous,EN,Male,,"United States, NY",Republican,,49-59,,,,,32.716,274.745,284.929,44,Tuberculosis could be wiped if we treated it with the same strategy in poor countries as we do in healthy countries.,Maybe,5,5,5,6.532,65.757,66.794,11,Treatment,14780
12/1/2018 16:22,12/1/2018 16:27,IP Address,174.206.18.67,100,314,TRUE,12/1/2018 16:27,R_3qvxBzY666bWQrA,,,,,32.82600403,-96.78430176,anonymous,EN,Male,,Usa Louisiana,Independent,,36-48,0.891,125.908,127.007,46,,,,,Tuberculosis could be wiped if we treated it with the same strategy in poor countries as we do in healthy countries.,Maybe,4,3,3,3.153,83.306,84.616,49,Control,90895
12/1/2018 16:21,12/1/2018 16:28,IP Address,24.60.247.22,100,380,TRUE,12/1/2018 16:28,R_1hSWUAkSls01dTi,,,,,42.42909241,-71.0605011,anonymous,EN,Male,,"MA, USA",Independent,,49-59,12.189,12.189,272.175,1,,,,,Tuberculosis could be wiped if we treated it with the same strategy in poor countries as we do in healthy countries.,Yes,4,4,3,26.809,59.123,60.859,5,Control,94138
12/1/2018 16:23,12/1/2018 16:28,IP Address,173.174.1.72,100,281,TRUE,12/1/2018 16:28,R_2eWNSlpo0UR089c,,,,,30.04159546,-99.14080048,anonymous,EN,Female,,United States in Texas,Independent,,18-24,47.582,101.951,105.132,12,,,,,Tuberculosis could be wiped if we treated it with the same strategy in poor countries as we do in healthy countries.,Yes,5,4,3,12.234,100.135,101.926,5,Control,57281
12/1/2018 16:23,12/1/2018 16:28,IP Address,207.118.124.21,100,299,TRUE,12/1/2018 16:28,R_d6fyYsqu0cV4wVz,,,,,47.49429321,-117.5834045,anonymous,EN,Male,,"United States, WA",Democratic,,26-35,,,,,78.659,78.659,219.322,1,Tuberculosis could be wiped if we treated it with the same strategy in poor countries as we do in healthy countries.,Yes,5,5,5,6.419,22.757,23.393,7,Treatment,49150
12/1/2018 16:24,12/1/2018 16:28,IP Address,136.33.33.215,100,241,TRUE,12/1/2018 16:28,R_3rP886mEi7poXW9,,,,,39.01229858,-94.59380341,anonymous,EN,Male,,"USA, Missouri",Democratic,,26-35,,,,,47.007,47.007,215.278,1,Tuberculosis could be wiped if we treated it with the same strategy in poor countries as we do in healthy countries.,Yes,5,5,4,1.488,10.183,10.758,5,Treatment,31693
12/1/2018 16:22,12/1/2018 16:28,IP Address,73.79.251.192,100,390,TRUE,12/1/2018 16:28,R_1ONQdmH3wWwbSdf,,,,,40.56159973,-79.71289825,anonymous,EN,Female,,USA PA,Democratic,,59 or older,,,,,22.067,315.925,317.021,17,Tuberculosis could be wiped if we treated it with the same strategy in poor countries as we do in healthy countries.,Yes,5,5,5,9.902,27.59,28.669,14,Treatment,86870
12/1/2018 16:22,12/1/2018 16:28,IP Address,183.83.48.96,100,375,TRUE,12/1/2018 16:28,R_9EsnqfEgqcXnqFj,,,,,13.08329773,80.28329468,anonymous,EN,Female,,"USA, california",Democratic,,18-24,4.262,4.262,5.056,1,,,,,Tuberculosis could be wiped if we treated it with the same strategy in poor countries as we do in healthy countries.,Yes,4,5,4,1.437,323.166,329.721,14,Control,30820
12/1/2018 16:25,12/1/2018 16:28,IP Address,209.169.96.14,100,202,TRUE,12/1/2018 16:28,R_BKUdQ4CE43SIrT3,,,,,30.35870361,-95.68569946,anonymous,EN,Male,,"United States, Texas",Democratic,,26-35,,,,,12.667,116.618,118.513,2,Tuberculosis could be wiped if we treated it with the same strategy in poor countries as we do in healthy countries.,Yes,5,4,5,3.925,53.796,55.672,12,Treatment,30168
12/1/2018 16:22,12/1/2018 16:28,IP Address,184.6.77.57,100,354,TRUE,12/1/2018 16:28,R_3ixLLFj7TBF2ERJ,,,,,38.54620361,-92.15249634,anonymous,EN,Female,,"United State, Missouri",Democratic,,36-48,0,0,284.785,0,,,,,Tuberculosis could be wiped if we treated it with the same strategy in poor countries as we do in healthy countries.,Yes,5,5,5,3.156,30.715,32.713,5,Control,28617
12/1/2018 16:23,12/1/2018 16:28,IP Address,69.136.133.37,100,287,TRUE,12/1/2018 16:28,R_2PdLIlZgLf5j8Xs,,,,,42.35240173,-83.02709961,anonymous,EN,Female,,"MI, USA",Democratic,,36-48,0,0,152.862,0,,,,,Tuberculosis could be wiped if we treated it with the same strategy in poor countries as we do in healthy countries.,Maybe,5,3,3,5.459,23.24,24.744,5,Control,46933
12/1/2018 16:24,12/1/2018 16:28,IP Address,108.199.100.251,100,252,TRUE,12/1/2018 16:28,R_1F5jU0UyQ8lTAJ8,,,,,37.70829773,-121.0863953,anonymous,EN,Male,,USA California ,Democratic,,26-35,,,,,2.096,170.427,207.862,13,Tuberculosis could be wiped if we treated it with the same strategy in poor countries as we do in healthy countries.,Maybe,4,5,5,2.776,14.563,15.193,23,Treatment,10607
12/1/2018 16:22,12/1/2018 16:28,IP Address,172.58.232.158,100,403,TRUE,12/1/2018 16:28,R_271F2KmPYCDoWLq,,,,,40.65649414,-74.22149658,anonymous,EN,Male,,usa new jersey,Independent,,36-48,,,,,0,0,217.133,0,Tuberculosis could be wiped if we treated it with the same strategy in poor countries as we do in healthy countries.,Maybe,4,5,4,13.174,51.28,52.188,5,Treatment,77052
12/1/2018 16:28,12/1/2018 16:28,IP Address,104.168.165.18,100,53,TRUE,12/1/2018 16:29,R_zU0gloII9bZaq2t,,,,,47.48890686,-122.3012009,anonymous,EN,Male,,USA,Republican,,18-24,,,,,0,0,3.379,0,Tuberculosis is no longer a health issue.,Yes,4,3,4,1.59,8.729,9.079,6,Treatment,85767
12/1/2018 16:27,12/1/2018 16:29,IP Address,23.245.216.128,100,93,TRUE,12/1/2018 16:29,R_3oBZ7Z8gByqHG4S,,,,,42.99560547,-71.45480347,anonymous,EN,Female,,USA,Republican,,18-24,,,,,0,0,3.546,0,Tuberculosis can be treated with diet of gummy bears and diet soda,No,4,3,4,2.639,18.137,20.811,6,Treatment,99209
12/1/2018 16:25,12/1/2018 16:29,IP Address,142.11.210.68,100,235,TRUE,12/1/2018 16:29,R_31TbiTapbnVX1ux,,,,,47.48890686,-122.3012009,anonymous,EN,Male,,usa,Democratic,,18-24,,,,,5.48,5.48,29.31,1,There is a single global strategy for tuberculosis treatment worldwide,Maybe,3,2,4,157.493,164.694,165.738,5,Treatment,37433
12/1/2018 16:21,12/1/2018 16:29,IP Address,107.172.2.190,100,485,TRUE,12/1/2018 16:29,R_1IZcLIJptmw03J3,,,,,42.88639832,-78.87809753,anonymous,EN,Male,,USA AND CA,Republican,,26-35,0,0,163.365,0,,,,,Tuberculosis could be wiped if we treated it with the same strategy in poor countries as we do in healthy countries.,Yes,4,4,5,7.022,98.369,99.576,5,Control,91319
12/1/2018 16:24,12/1/2018 16:29,IP Address,174.106.205.8,100,294,TRUE,12/1/2018 16:29,R_2CZM6KeYdXGh7PA,,,,,34.69909668,-77.13500214,anonymous,EN,Female,,"United States, North Carolina",Independent,,49-59,,,,,28.544,44.305,214.98,4,Tuberculosis could be wiped if we treated it with the same strategy in poor countries as we do in healthy countries.,Yes,5,5,4,5.651,27.934,29.255,6,Treatment,60725
12/1/2018 16:23,12/1/2018 16:29,IP Address,107.77.237.188,100,371,TRUE,12/1/2018 16:29,R_2SeKqiOCExtGz9t,,,,,37.75100708,-97.8219986,anonymous,EN,Male,,"United States, South Carolina",Democratic,,49-59,,,,,6.288,254.928,257.106,24,There is a single global strategy for tuberculosis treatment worldwide,Yes,5,5,4,25.34,46.464,47.444,13,Treatment,35245
12/1/2018 16:23,12/1/2018 16:29,IP Address,50.83.46.151,100,402,TRUE,12/1/2018 16:29,R_30dgSw5zxZBjDu3,,,,,41.49130249,-90.56479645,anonymous,EN,Female,,"United States, Illinois",Democratic,,49-59,0,0,313.87,0,,,,,Tuberculosis could be wiped if we treated it with the same strategy in poor countries as we do in healthy countries.,Yes,5,5,5,10.178,27.976,28.617,6,Control,48913
12/1/2018 16:24,12/1/2018 16:29,IP Address,72.182.137.195,100,327,TRUE,12/1/2018 16:29,R_1NgheAutNNWlKTp,,,,,33.86329651,-98.53399658,anonymous,EN,Female,,"USA, TX",Independent,,26-35,1.642,240.521,241.627,7,,,,,Tuberculosis could be wiped if we treated it with the same strategy in poor countries as we do in healthy countries.,Maybe,4,4,3,13.109,27.651,28.243,19,Control,77907
12/1/2018 16:22,12/1/2018 16:30,IP Address,198.52.38.4,100,452,TRUE,12/1/2018 16:30,R_268O2wugHNUJFvU,,,,,34.05839539,-118.2779999,anonymous,EN,Male,,"usa, georgia",Independent,,26-35,,,,,5.713,56,233.941,4,Tuberculosis could be wiped if we treated it with the same strategy in poor countries as we do in healthy countries.,Yes,5,5,5,10.421,34.687,36.149,6,Treatment,48396
12/1/2018 16:21,12/1/2018 16:30,IP Address,76.104.221.200,100,572,TRUE,12/1/2018 16:30,R_3lQ5Vo8lafhOCt9,,,,,48.43519592,-122.2081985,anonymous,EN,Male,,Washington state. USA,Independent,,36-48,0,0,489.173,0,,,,,Tuberculosis could be wiped if we treated it with the same strategy in poor countries as we do in healthy countries.,Yes,5,5,2,8.861,37.645,38.531,6,Control,82419
12/1/2018 16:26,12/1/2018 16:30,IP Address,74.137.135.146,100,226,TRUE,12/1/2018 16:30,R_3iU8WY3nQlS9NZN,,,,,38.30780029,-85.73590088,anonymous,EN,Male,,"Indiana, United States",Independent,,26-35,4.853,190.758,191.026,4,,,,,Tuberculosis could be wiped if we treated it with the same strategy in poor countries as we do in healthy countries.,Yes,5,5,3,3.794,12.468,13.139,6,Control,47329
12/1/2018 16:22,12/1/2018 16:31,IP Address,63.143.230.73,100,521,TRUE,12/1/2018 16:31,R_yln2gNjcZd6C1Hz,,,,,40.91430664,-74.167099,anonymous,EN,Female,,United States New Jersey ,Democratic,,18-24,0,0,367.684,0,,,,,Tuberculosis is no longer a health issue.,Yes,5,5,5,15.256,46.099,46.79,7,Control,53934
12/1/2018 16:23,12/1/2018 16:31,IP Address,76.108.18.195,100,481,TRUE,12/1/2018 16:31,R_2wAVT121cQ0L4ox,,,,,25.73410034,-80.40679932,anonymous,EN,Male,,united states florida,Republican,,26-35,,,,,50.95,334.147,335.175,6,Tuberculosis could be wiped if we treated it with the same strategy in poor countries as we do in healthy countries.,Yes,5,5,5,5.395,73.905,74.802,12,Treatment,24873
12/1/2018 16:21,12/1/2018 16:32,IP Address,23.124.132.60,100,650,TRUE,12/1/2018 16:32,R_1GxoSDSy4ubRcEU,,,,,29.96099854,-95.49469757,anonymous,EN,Female,,"Texas, USA",Independent,,49-59,,,,,2.007,518.285,518.652,88,Tuberculosis could be wiped if we treated it with the same strategy in poor countries as we do in healthy countries.,Yes,5,5,4,14.332,38.69,39.081,28,Treatment,55074
12/1/2018 16:28,12/1/2018 16:32,IP Address,73.122.254.22,100,231,TRUE,12/1/2018 16:32,R_3JgBqT4e73qaPIr,,,,,33.98449707,-84.1529007,anonymous,EN,Male,,Georgia,Republican,,26-35,,,,,38.87,40.637,79.006,3,Tuberculosis could be wiped if we treated it with the same strategy in poor countries as we do in healthy countries.,Yes,4,3,4,4.991,17.09,25.659,9,Treatment,91127
12/1/2018 16:23,12/1/2018 16:33,IP Address,173.63.61.15,100,629,TRUE,12/1/2018 16:33,R_2VdmPXip3yuK289,,,,,40.95640564,-74.1568985,anonymous,EN,Female,,USA AND NJ,Democratic,,49-59,,,,,6.947,48.467,49.272,6,Tuberculosis could be wiped if we treated it with the same strategy in poor countries as we do in healthy countries.,Maybe,4,5,4,289.576,442.735,445.903,8,Treatment,29965
12/1/2018 16:31,12/1/2018 16:33,IP Address,96.236.117.160,100,104,TRUE,12/1/2018 16:33,R_6Atzusx3bdUWvDz,,,,,42.46330261,-72.92019653,anonymous,EN,Male,,Ma,Democratic,,26-35,0.64,0.64,2.336,1,,,,,Tuberculosis could be wiped if we treated it with the same strategy in poor countries as we do in healthy countries.,Yes,4,3,4,1.683,27.404,28.497,18,Control,55731
12/1/2018 16:25,12/1/2018 16:33,IP Address,23.113.198.44,100,497,TRUE,12/1/2018 16:33,R_2qmlKpTqcpHvVCb,,,,,34.00790405,-118.2582016,anonymous,EN,Female,,"USA, California",Independent,,49-59,21.959,410.043,411.236,5,,,,,Tuberculosis could be wiped if we treated it with the same strategy in poor countries as we do in healthy countries.,Yes,4,5,4,4.579,33.895,35.064,9,Control,35161
12/1/2018 16:31,12/1/2018 16:34,IP Address,23.244.246.165,100,173,TRUE,12/1/2018 16:34,R_3DjvDnTKqgqIWyF,,,,,32.75889587,-97.32800293,anonymous,EN,Female,,california,Democratic,,26-35,,,,,0,0,4.482,0,Tuberculosis is no longer a health issue.,No,5,4,4,36.814,39.7,47.714,2,Treatment,25865
12/1/2018 16:22,12/1/2018 16:35,IP Address,107.173.181.162,100,759,TRUE,12/1/2018 16:35,R_2VqZjHdJQymSoYR,,,,,42.88639832,-78.87809753,anonymous,EN,Male,,"usa,ny",Independent,,26-35,0,0,7.938,0,,,,,Tuberculosis could be wiped if we treated it with the same strategy in poor countries as we do in healthy countries.,Yes,4,3,3,6.826,16.9,18.756,7,Control,36272
12/1/2018 16:33,12/1/2018 16:35,IP Address,65.32.136.124,100,165,TRUE,12/1/2018 16:35,R_3PXi3vFOGFrNfZF,,,,,28.23970032,-82.32790375,anonymous,EN,Male,,"USA, Florida",Democratic,,18-24,,,,,0,0,118.385,0,Tuberculosis could be wiped if we treated it with the same strategy in poor countries as we do in healthy countries.,Yes,2,1,2,4.969,24.513,24.811,7,Treatment,92050
12/1/2018 16:31,12/1/2018 16:38,IP Address,72.94.170.198,100,407,TRUE,12/1/2018 16:38,R_1z9gzGzYEqpOEkF,,,,,39.90150452,-75.50489807,anonymous,EN,Female,,PA/USA,Democratic,,36-48,,,,,89.753,284.639,285.786,8,Tuberculosis could be wiped if we treated it with the same strategy in poor countries as we do in healthy countries.,Maybe,4,4,3,8.202,20.145,20.685,16,Treatment,75206
12/1/2018 16:16,12/1/2018 16:38,IP Address,99.228.152.116,100,1358,TRUE,12/1/2018 16:38,R_2vYQV87TsyEj5Ih,,,,,43.85820007,-79.39849854,anonymous,EN,Female,,"Ontario, Canada",Democratic,,36-48,2.445,489.742,490.625,88,,,,,Tuberculosis could be wiped if we treated it with the same strategy in poor countries as we do in healthy countries.,Yes,4,3,1,7.935,35.547,36.401,24,Control,42873
12/1/2018 16:30,12/1/2018 16:39,IP Address,108.213.140.246,100,561,TRUE,12/1/2018 16:39,R_3IYkqmeuutHsAie,,,,,29.87440491,-95.52780151,anonymous,EN,Male,,"usa, texas",Republican,,49-59,41.618,483.466,484.249,9,,,,,Tuberculosis could be wiped if we treated it with the same strategy in poor countries as we do in healthy countries.,Yes,5,5,5,4.335,45.926,47.068,5,Control,64427
12/1/2018 16:23,12/1/2018 16:39,IP Address,66.191.240.114,100,984,TRUE,12/1/2018 16:39,R_3m9ssSIP4zedqh8,,,,,35.20230103,-84.84760284,anonymous,EN,Female,,"USA, TN",Democratic,,59 or older,30.662,30.662,869.855,1,,,,,Tuberculosis could be wiped if we treated it with the same strategy in poor countries as we do in healthy countries.,Yes,5,5,5,29.783,62.543,64.165,5,Control,52604
12/1/2018 16:36,12/1/2018 16:42,IP Address,73.31.69.156,100,343,TRUE,12/1/2018 16:42,R_2DTtjvMHB3zfP4p,,,,,37.46380615,-77.39800262,anonymous,EN,Male,,United States,Democratic,,26-35,5.068,5.068,314.778,1,,,,,Tuberculosis could be wiped if we treated it with the same strategy in poor countries as we do in healthy countries.,Yes,4,4,2,3.999,13.243,13.531,7,Control,95622
12/1/2018 16:39,12/1/2018 16:44,IP Address,99.253.148.161,100,267,TRUE,12/1/2018 16:44,R_PUqWASCONWZwfT3,,,,,43.41059875,-80.50109863,anonymous,EN,Male,,Canada Ontario,Independent,,36-48,,,,,20.324,21.565,194.3,2,Tuberculosis could be wiped if we treated it with the same strategy in poor countries as we do in healthy countries.,Maybe,4,4,4,10.555,27.304,28.492,5,Treatment,82263
12/1/2018 16:46,12/1/2018 16:47,IP Address,173.44.48.43,100,69,TRUE,12/1/2018 16:47,R_2X0eNLGp7ZcOww6,,,,,25.78059387,-80.18260193,anonymous,EN,Female,,USA-FL,Democratic,,36-48,0,0,3.277,0,,,,,Tuberculosis could be wiped if we treated it with the same strategy in poor countries as we do in healthy countries.,Yes,5,4,5,3.292,15.356,16.426,5,Control,83667
12/1/2018 16:22,12/1/2018 16:53,IP Address,71.58.68.182,100,1890,TRUE,12/1/2018 16:53,R_3I4rY1YVIIWHO6e,,,,,40.88630676,-78.21900177,anonymous,EN,Male,,USA PA,Democratic,,26-35,,,,,16.019,16.019,614.1,1,Tuberculosis could be wiped if we treated it with the same strategy in poor countries as we do in healthy countries.,Yes,4,4,4,49.532,479.68,480.179,6,Treatment,12002
12/1/2018 16:50,12/1/2018 16:55,IP Address,97.120.191.133,100,277,TRUE,12/1/2018 16:55,R_1girR4RZM017iCx,,,,,45.52870178,-122.6362991,anonymous,EN,Female,,Oregon USA,Republican,,49-59,,,,,54.175,213.215,214.089,9,Tuberculosis could be wiped if we treated it with the same strategy in poor countries as we do in healthy countries.,Maybe,5,5,5,7.031,34.151,34.779,10,Treatment,38972
12/1/2018 16:52,12/1/2018 16:58,IP Address,68.205.145.7,100,367,TRUE,12/1/2018 16:58,R_2dVWfomQnO13JVQ,,,,,28.56970215,-80.81909943,anonymous,EN,Female,,USA Florida,Republican,,59 or older,8.565,232.435,241.284,15,,,,,Tuberculosis could be wiped if we treated it with the same strategy in poor countries as we do in healthy countries.,Maybe,4,3,3,40.445,61.596,62.565,9,Control,53883
12/1/2018 16:55,12/1/2018 16:58,IP Address,98.116.36.149,100,200,TRUE,12/1/2018 16:58,R_BG8r1c8eOl9wdEd,,,,,40.67289734,-73.53649902,anonymous,EN,Female,,United States New York,Independent,,36-48,,,,,0,0,153.671,0,There is a single global strategy for tuberculosis treatment worldwide,Yes,4,4,4,4.993,21.792,22.386,6,Treatment,55038
12/1/2018 16:55,12/1/2018 16:59,IP Address,75.128.97.239,100,196,TRUE,12/1/2018 16:59,R_2X5TNK2Xynzt9Vv,,,,,45.60800171,-84.48670197,anonymous,EN,Male,,United States,Democratic,,36-48,7.786,73.605,75.134,6,,,,,Tuberculosis could be wiped if we treated it with the same strategy in poor countries as we do in healthy countries.,Yes,5,5,5,60.113,80.516,81.936,8,Control,23837
12/1/2018 16:55,12/1/2018 16:59,IP Address,64.25.207.20,100,216,TRUE,12/1/2018 16:59,R_2XoZHF6HYM7Nox5,,,,,43.56570435,-84.58730316,anonymous,EN,Male,,"Michigan, USA",Democratic,,26-35,,,,,2.671,145.52,160.314,10,Tuberculosis could be wiped if we treated it with the same strategy in poor countries as we do in healthy countries.,Yes,5,5,4,3.646,23.76,24.625,9,Treatment,44976
12/1/2018 16:58,12/1/2018 16:59,IP Address,75.15.184.110,100,113,TRUE,12/1/2018 16:59,R_1LipuBGDAnZaYeK,,,,,42.49060059,-83.13659668,anonymous,EN,Male,,Michigan USA,Democratic,,36-48,0,0,71.897,0,,,,,Tuberculosis could be wiped if we treated it with the same strategy in poor countries as we do in healthy countries.,Yes,5,5,3,3.126,16.254,17.075,5,Control,64090
12/1/2018 16:59,12/1/2018 17:04,IP Address,69.131.153.51,100,282,TRUE,12/1/2018 17:04,R_0jIGdzZ4SpsxJzr,,,,,30.79769897,-81.70749664,anonymous,EN,Male,,United States of America,Republican,,26-35,,,,,5.356,192.585,194.049,2,Tuberculosis could be wiped if we treated it with the same strategy in poor countries as we do in healthy countries.,Maybe,3,3,5,7.817,39.581,41.09,7,Treatment,93565
12/1/2018 17:03,12/1/2018 17:06,IP Address,192.119.167.171,100,164,TRUE,12/1/2018 17:06,R_2OSXitMaRD2fbF4,,,,,37.75100708,-97.8219986,anonymous,EN,Female,,USA TEXAS,Democratic,,26-35,,,,,0,0,85.006,0,Tuberculosis could be wiped if we treated it with the same strategy in poor countries as we do in healthy countries.,Yes,5,5,4,7.377,18.292,18.996,5,Treatment,71617
12/1/2018 17:10,12/1/2018 17:14,IP Address,73.61.23.158,100,268,TRUE,12/1/2018 17:14,R_3im1QgLbxWVkZes,,,,,42.40029907,-71.12210083,anonymous,EN,Female,,"MA, USA",Democratic,,18-24,0.827,141.06,187.236,6,,,,,Tuberculosis could be wiped if we treated it with the same strategy in poor countries as we do in healthy countries.,Yes,4,3,5,33,51.734,52.337,15,Control,80491
12/1/2018 17:11,12/1/2018 17:18,IP Address,71.145.197.1,100,438,TRUE,12/1/2018 17:18,R_2rqIurhQLyTcDXA,,,,,36.83030701,-119.8319016,anonymous,EN,Female,,USA California,Republican,,49-59,8.802,298.771,303.222,7,,,,,Tuberculosis could be wiped if we treated it with the same strategy in poor countries as we do in healthy countries.,Maybe,5,5,4,16.532,72.687,73.781,11,Control,91942
12/1/2018 17:14,12/1/2018 17:25,IP Address,99.186.250.223,100,649,TRUE,12/1/2018 17:25,R_brBijjvuzDXAQWl,,,,,30.45640564,-87.21040344,anonymous,EN,Female,,USA FL,Independent,,26-35,,,,,24.609,55.642,57.876,4,Tuberculosis could be wiped if we treated it with the same strategy in poor countries as we do in healthy countries.,Maybe,3,4,5,465.05,519.853,520.621,10,Treatment,55941
